Movie Name,Director,Release Year,My Rating,Genre,Own
Almost Famous,Cameron Crowe,2000,9.99,Drama,Yes
The Shawshank Redemption,Frank Darabont,1994,9.98,Drama,Yes
Groundhog Day,Harold Ramis,1993,9.96,Comedy,Yes
Donnie Darko,Richard Kelly,2001,9.95,Sci-Fi,Yes
Children of Men,Alfonso Cuaron,2006,9.94,Sci-Fi,Yes
Annie Hall,Woody Allen,1977,9.93,Comedy,Yes
Rushmore,Wes Anderson,1998,9.92,Independent,Yes
Memento,Christopher Nolan,2000,9.91,Thriller,Yes
No Country for Old Men,Joel and Ethan Coen,2007,9.90,Thriller,Yes
Seven,David Fincher,1995,9.88,Thriller,Yes
Inception,Christopher Nolan,2010,9.87,Action,Yes
Wall-E,Andrew Stanton,2008,9.86,Family,Yes
The Princess Bride,Rob Reiner,1987,9.85,Fantasy,Yes
Before Sunrise,Richard Linklater,1995,9.84,Romance,Yes
All the Real Girls,David Gordon Green,2003,9.83,Romance,Yes
The Royal Tenenbaums,Wes Anderson,2001,9.82,Independent,Yes
When Harry Met Sally,Rob Reiner,1989,9.81,Romance,Yes
Fight Club,David Fincher,1999,9.80,Thriller,Yes
Say Anything,Cameron Crowe,1989,9.78,Romance,Yes
Take Shelter,Jeff Nichols,2011,9.77,Thriller,Yes
Garden State,Zach Braff,2004,9.76,Romance,Yes
Boyhood,Richard Linklater,2014,9.75,Drama,No
The Usual Suspects,Bryan Singer,1995,9.75,Thriller,Yes
Snatch,Guy Ritchie,2000,9.74,Action,Yes
Vanilla Sky,Cameron Crowe,2001,9.72,Thriller,Yes
The Spectacular Now,James Ponsoldt,2013,9.71,Romance,No
American Beauty,Sam Mendes,1999,9.70,Drama,Yes
Unbreakable,M. Night Shyamalan,2000,9.68,Thriller,No
Gravity,Alfonso Cuaron,2013,9.65,Sci-Fi,No
The Big Lebowski,Joel and Ethan Coen,1998,9.65,Comedy,Yes
The Graduate,Mike Nichols,1967,9.64,Romance,Yes
Amelie,Jean-Pierre Jeunet,2001,9.63,Foreign,Yes
Dark City,Alex Proyas,1998,9.62,Sci-Fi,Yes
Dazed and Confused,Richard Linklater,1993,9.61,Comedy,Yes
Shaun of the Dead,Edgar Wright,2004,9.60,Horror,Yes
Lost in Translation,Sofia Coppola,2003,9.59,Romance,Yes
High Fidelity,Stephen Frears,2000,9.58,Comedy,Yes
Little Miss Sunshine,Jonathan Dayton,2006,9.57,Comedy,Yes
The Dark Knight,Christopher Nolan,2008,9.57,Action,Yes
Mystic River,Clint Eastwood,2003,9.56,Drama,Yes
The Lego Movie,Phil Lord,2014,9.56,Family,No
Rango,Gore Verbinski,2011,9.55,Family,Yes
Signs,M. Night Shyamalan,2002,9.54,Thriller,No
The Way Way Back,Jim Rash,2013,9.54,Comedy,No
(500) Days of Summer,Marc Webb,2009,9.53,Romance,Yes
LOTR: Fellowship of the Ring,Peter Jackson,2001,9.52,Fantasy,Yes
City of God,Ferando Mierelles,2002,9.51,Foreign,Yes
Moonrise Kingdom,Wes Anderson,2012,9.50,Independent,No
True Romance,Tony Scott,1993,9.49,Action,Yes
Away We Go,Sam Mendes,2009,9.48,Romance,Yes
Jaccob's Ladder,Adrian Lyne,1990,9.48,Horror,Yes
Hannah and Her Sisters,Woody Allen,1986,9.47,Drama,Yes
In the Bedroom,Todd Field,2001,9.47,Drama,Yes
The Matrix,Andy Wachowski,1999,9.46,Action,No
Back to the Future,Robert Zemeckis,1985,9.45,Action,No
Taxi Driver,Martin Scorsese,1976,9.45,Thriller,Yes
The Grand Budapest Hotel,Wes Anderson,2014,9.45,Comedy,No
Big Fish,Tim Burton,2003,9.44,Drama,Yes
Up,Pete Docter,2009,9.44,Family,Yes
Pan's Labyrinth,Guillermo del Toro,2006,9.43,Foreign,Yes
The Sweet Hereafter,Atom Egoyan,1997,9.42,Drama,Yes
Leon: The Professional,Luc Besson,1994,9.41,Action,Yes
Stand By Me,Rob Reiner,1986,9.40,Drama,Yes
Inside Llweyn Davis,Joel and Ethan Coen,2013,9.39,Drama,No
The Life Aquatic with Steve Zissou,Wes Anderson,2004,9.39,Comedy,Yes
LOTR: Return of the King,Peter Jackson,2003,9.38,Fantasy,Yes
Days of Heaven,Terrence Malick,1978,9.37,Romance,Yes
Matchstick Men,Ridley Scott,2003,9.36,Thriller,Yes
Requiem for a Dream,Darren Aronofsky,2000,9.36,Drama,Yes
This Is England,Shane Meadows,2006,9.36,Drama,No
"Paris, Texas",Wim Wenders,1984,9.35,Drama,No
L.A. Confidential,Curtis Hanson,1997,9.34,Action,Yes
Up in the Air,Jason Reitman,2009,9.34,Drama,Yes
Raiders of the Lost Ark,Steven Spielberg,1981,9.33,Action,No
Beasts of the Southern Wild,Benh Zeitlin,2012,9.32,Independent,Yes
Before Midnight,Richard Linklater,2013,9.32,Romance,No
Martha Marcy May Marlene,Sean Durkin,2011,9.29,Thriller,Yes
Good Will Hunting,Gus Van Sant,1997,9.28,Drama,Yes
Short Term 12,Destin Daniel Cretton,2013,9.27,Independent,No
Sunshine,Danny Boyle,2007,9.27,Sci-Fi,Yes
The Master,Paul Thomas Anderson,2012,9.27,Drama,No
The Prestige,Christopher Nolan,2006,9.26,Thriller,Yes
Fear and Loathing in Las Vegas,Terry Gilliam,1998,9.25,Comedy,Yes
Lars and the Real Girl,Craig Gillespie,2007,9.24,Independent,Yes
Mud,Jeff Nichols,2013,9.23,Thriller,Yes
The Last Picture Show,Peter Bogdanovich,1971,9.23,Drama,Yes
Black Swan,Darren Aronofsky,2010,9.21,Thriller,Yes
The Simpsons Movie,David Silverman,2007,9.21,Comedy,Yes
Toy Story,John Lasseter,1995,9.20,Family,No
The Science of Sleep,Michel Gondry,2006,9.19,Independent,Yes
12 Monkeys,Terry Gilliam,1995,9.18,Thriller,Yes
The Dark Knight Rises,Christopher Nolan,2012,9.18,Action,Yes
Tully,Hillary Birmingham,2002,9.17,Independent,Yes
"sex, lies, and videotape",Steven Soderberg,1989,9.16,Independent,Yes
Ghostbusters,Ivan Reitman,1984,9.15,Comedy,No
Fargo,Joel and Ethan Coen,1996,9.14,Thriller,Yes
Sin City,Robert Rodriguez,2005,9.13,Action,Yes
The Darjeeling Limited,Wes Anderson,2007,9.13,Independent,Yes
Juno,Jason Reitman,2007,9.12,Comedy,Yes
The World's End,Edgar Wright,2013,9.12,Comedy,No
In Bruges,Martin McDonagh,2008,9.11,Action,Yes
Stranger than Fiction,Marc Foster,2006,9.11,Comedy,Yes
Gran Torino,Clint Eastwood,2008,9.10,Drama,Yes
Her,Spike Jonze,2013,9.10,Drama,No
Let the Right One In,Tomas Alfredson,2008,9.10,Horror,Yes
A Scanner Darkly,Richard Linklater,2006,9.09,Sci-Fi,Yes
Casino Royale,Martin Campbell,2006,9.08,Action,Yes
George Washington,David Gordon Green,2000,9.07,Independent,Yes
The Wrestler,Darren Aronofsky,2008,9.06,Drama,Yes
Hot Fuzz,Edgar Wright,2007,9.05,Comedy,Yes
The Departed,Martin Scorsese,2006,9.04,Action,Yes
The Station Agent,Thomas McCarthy,2003,9.03,Independent,Yes
12 Years a Slave,Steve McQueen,2013,9.02,Drama,No
What's Eating Gilbert Grape,Lasse Hallstrom,1993,9.02,Drama,Yes
Manhattan,Woody Allen,1979,9.01,Comedy,No
Trainspotting,Danny Boyle,1996,9.00,Drama,Yes
Wayne's World,Penelope Spheeris,1992,9.00,Comedy,Yes
Where the Wild Things Are,Spike Jonze,2009,8.99,Family,Yes
Blade Runner,Ridley Scott,1982,8.98,Sci-Fi,Yes
Midnight in Paris,Woody Allen,2011,8.97,Comedy,Yes
There Will Be Blood,Paul Thomas Anderson,2007,8.96,Thriller,Yes
American Hustle,David O. Russell,2013,8.95,Drama,No
Ordinary People,Robert Redford,1980,8.95,Drama,Yes
V for Vendetta,James McTeigue,2005,8.95,Action,Yes
The Big Chill,Lawrence Kasdan,1983,8.93,Drama,Yes
Slumdog Millionaire,Danny Boyle,2008,8.92,Drama,Yes
"Lock, Stock, and Two Smoking Barrels",Guy Ritchie,1998,8.90,Action,Yes
After Hours,Martin Scorsese,1985,8.89,Comedy,Yes
Shotgun Stories,Jeff Nichols,2007,8.89,Independent,Yes
The Untouchables,Brian de Palma,1987,8.89,Action,Yes
2 Days in Paris,Julie Delpy,2007,8.88,Romance,Yes
Enough Said,Nicole Holofcener,2013,8.88,Romance,No
This Is Spinal Tap,Rob Reiner,1984,8.88,Comedy,Yes
Stories We Tell,Sarah Polley,2013,8.87,Documentary,No
Before Sunset,Richard Linklater,2004,8.86,Romance,Yes
Fantastic Mr. Fox,Wes Anderson,2009,8.85,Family,Yes
Angel Heart,Alan Parker,1987,8.83,Horror,Yes
Insomnia,Christopher Nolan,2002,8.82,Thriller,Yes
The Village,M. Night Shyamalan,2004,8.82,Horror,Yes
Amores Perros,Alejandro González Iñárritu,2000,8.81,Foreign,No
Ghost World,Terry Zwigoff,2001,8.81,Comedy,Yes
Take This Waltz,Sarah Polley,2011,8.79,Drama,No
The Broken Circle Breakdown,Felix Van Groeningen,2012,8.79,Foreign,No
The Kings of Summer,Jordan Vogt-Roberts,2013,8.79,Independent,No
The Past,Asghar Farhadi,2013,8.79,Foreign,No
About a Boy,Paul Weitz,2002,8.78,Drama,Yes
Adventureland,Greg Mottola,2008,8.78,Comedy,Yes
LOTR: The Two Towers,Peter Jackson,2002,8.78,Fantasy,Yes
Mulholland Dr.,David Lynch,2001,8.78,Thriller,Yes
The Sandlot,David M. Evans,1993,8.78,Sports,No
Adaptation.,Spike Jonze,2002,8.77,Independent,Yes
Desperado,Robert Rodriguez,1995,8.77,Action,Yes
Shopgirl,Anand Tucker,2005,8.77,Romance,Yes
Silver Linings Playbook,David O. Russell,2012,8.77,Comedy,No
The Player,Robert Altman,1992,8.77,Thriller,Yes
Volver,Pedro Almodovar,2006,8.77,Foreign,Yes
Who Framed Roger Rabbit?,Robert Zemeckis,1988,8.77,Family,No
Bottle Rocket,Wes Anderson,1996,8.76,Independent,Yes
In America,Jim Sheridan,2002,8.76,Drama,Yes
The King of Comedy,Martin Scorsese,1983,8.76,Comedy,Yes
The Vanishing,George Sluizer,1988,8.76,Foreign,No
Brokeback Mountain,Ang Lee,2005,8.75,Romance,No
Little Children,Todd Field,2006,8.75,Drama,Yes
The Seventh Seal,Ingmar Bergman,1957,8.74,Foreign,No
The Tree of Life,Terrence Malick,2011,8.74,Drama,No
The Wave,Dennis Gansel,2008,8.73,Foreign,No
Scott Pilgrim vs. The World,Edgar Wright,2010,8.72,Action,Yes
Searching for Sugar Man,Malik Bendjelloul,2012,8.72,Documentary,No
Moon,Duncan Jones,2009,8.71,Sci-Fi,Yes
Oldboy,Chan-wook Park,2003,8.71,Foreign,No
In the Loop,Armando Iannucci,2009,8.68,Comedy,Yes
Submarine,Richard Ayoade,2011,8.68,Independent,Yes
Animal Kingdom,David Michôd,2010,8.67,Action,Yes
Saving Private Ryan,Steven Spielberg,1998,8.67,War,Yes
Burn After Reading,Joel and Ethan Coen,2008,8.66,Comedy,Yes
Broken Embraces,Pedro Almodovar,2009,8.65,Foreign,No
Evil Dead 2: Dead by Dawn,Sam Raimi,1987,8.65,Horror,Yes
Killing Them Softly,Andrew Dominik,2012,8.65,Thriller,Yes
Philomena,Stephen Frears,2013,8.65,Drama,No
Unforgiven,Clint Eastwood,1992,8.65,Western,No
A Separation,Asghar Farhadi,2011,8.64,Foreign,No
Apocalypse Now,Francis Ford Coppola,1979,8.64,War,No
Beginners,Mike Mills,2011,8.63,Independent,Yes
My Life as a Dog,Lasse Hallstrom,1985,8.63,Foreign,No
The Sixth Sense,M. Night Shyamalan,1999,8.63,Thriller,Yes
Manhattan Murder Mystery,Woody Allen,1993,8.62,Comedy,Yes
Birdy,Alan Parker,1984,8.61,Drama,Yes
The Imposter,Bart Layton,2012,8.59,Documentary,No
Tucker & Dale Vs. Evil,Eli Craig,2010,8.59,Horror,Yes
Boy A,John Crowley,2007,8.58,Drama,No
Knocked Up,Judd Apatow,2007,8.58,Comedy,Yes
Serenity,Joss Wedon,2002,8.58,Sci-Fi,No
Eternal Sunshine of the Spotless Mind,Michel Gondry,2004,8.57,Romance,No
Wings of Desire,Wim Wenders,1987,8.57,Foreign,No
Another Earth,Mike Cahill,2011,8.56,Independent,No
Blue Ruin,Jeremy Saulnier,2013,8.56,Thriller,No
Parenthood,Ron Howard,1989,8.56,Comedy,No
Reservoir Dogs,Quentin Tarantino,1992,8.56,Action,No
Shattered Glass,Billy Ray,2003,8.56,Drama,No
Drive,Nicolas Winding Refn,2011,8.55,Action,Yes
Edge of Tomorrow,Doug Liman,2014,8.55,Action,No
Nebraska,Alexander Payne,2013,8.55,Drama,No
Thank You for Smoking,Jason Reitman,2005,8.55,Comedy,Yes
After the Wedding,Susanne Bier,2006,8.54,Foreign,No
Side Effects,Steven Soderberg,2013,8.54,Thriller,No
Star Wars: Empire Strikes Back,Irvin Kershner,1980,8.54,Sci-Fi,No
The Secret Life of Words,Isabel Coixet,2005,8.54,Drama,No
50/50,Jonathan Levine,2011,8.53,Comedy,No
Boys Don't Cry,Kimberly Pierce,1999,8.53,Drama,No
Half Nelson,Ryan Fleck,2006,8.53,Independent,Yes
A Serious Man,Joel and Ethan Coen,2009,8.52,Drama,Yes
Pearl Jam Twenty,Cameron Crowe,2011,8.52,Documentary,Yes
Safety Not Guaranteed,Colin Trevorrow,2012,8.52,Comedy,No
The Proposition,John Hillcoat,2005,8.52,Western,No
Your Sister's Sister,Lynn Shelton,2011,8.51,Romance,No
Gladiator,Ridley Scott,2000,8.50,Drama,Yes
Goodbye Solo,Ramin Bahrani,2008,8.50,Independent,No
Looper,Rian Johnson,2012,8.49,Sci-Fi,No
Upstream Color,Shane Carruth,2013,8.49,Independent,No
Bringing Out the Dead,Martin Scorsese,1999,8.47,Thriller,Yes
Man on the Moon,Milos Forman,1999,8.47,Drama,Yes
Pulp Fiction,Quentin Tarantino,1994,8.46,Action,No
What About Bob?,Frank Oz,1991,8.46,Comedy,Yes
21 Grams,Alejandro González Iñárritu,2003,8.45,Drama,Yes
Heavenly Creatures,Peter Jackson,1994,8.45,Thriller,No
Pi,Darren Aronofsky,1998,8.45,Thriller,Yes
"O Brother, Where Art Thou?",Joel and Ethan Coen,2000,8.44,Comedy,Yes
Toy Story 3,Lee Unkrich,2010,8.44,Family,No
Army of Darkness,Sam Raimi,1992,8.43,Horror,No
Broadcast News,James L. Brooks,1987,8.43,Romance,No
House of Sand and Fog,Vadim Perelman,2003,8.43,Drama,Yes
Passenger Side,Matt Bissonnette,2008,8.43,Independent,No
The King of Kong,Seth Gordon,2007,8.43,Documentary,No
The Social Network,David Fincher,2010,8.43,Drama,Yes
Win Win,Thomas McCarthy,2011,8.43,Drama,Yes
Timecrimes,Nacho Vigalondo,2007,8.42,Sci-Fi,No
Conan Can't Stop,Rodman Flender,2011,8.41,Documentary,No
The Trip,Michael Winterbottom,2010,8.41,Comedy,No
Vicky Cristina Barcelona,Woody Allen,2008,8.41,Romance,Yes
The Truman Show,Peter Weir,1998,8.40,Drama,Yes
Alan Partridge,Declan Lowney,2014,8.39,Comedy,No
Shutter Island,Martin Scorsese,2010,8.39,Thriller,Yes
Mary and Max,Adam Elliot,2009,8.38,Comedy,No
Skyfall,Sam Mendes,2012,8.38,Action,No
Exit Through the Gift Shop,Banksy,2010,8.37,Documentary,No
Tomboy,Céline Sciamma,2011,8.36,Foreign,No
District 9,Neill Blomkamp,2009,8.35,Sci-Fi,No
School of Rock,Richard Linklater,2003,8.35,Comedy,No
Airplane!,Jerry Zucker,1980,8.34,Comedy,Yes
Prince Avalanche,David Gordon Green,2013,8.34,Independent,Yes
The Bourne Ultimatum,Paul Greengrass,2007,8.34,Action,Yes
Winter's Bone,Debra Granik,2010,8.34,Independent,No
Antz,Eric Darnell,1998,8.33,Family,No
Brief Encounter,David Lean,1945,8.33,Classic,No
Collateral,Michael Mann,2004,8.33,Action,No
Kick-Ass,Matthew Vaughn,2010,8.33,Action,No
La Jetée,Chris Marker,1961,8.33,Foreign,No
A Mighty Wind,Christopher Guest,2003,8.32,Comedy,Yes
Blood Simple,Joel and Ethan Coen,1984,8.32,Action,Yes
Blue Jasmine,Woody Allen,2013,8.32,Drama,No
Head-On,Fatih Akin,2004,8.32,Foreign,No
Star Wars: A New Hope,George Lucas,1977,8.32,Sci-Fi,No
Vertigo,Alfred Hitchcock,1958,8.32,Classic,No
Jerry Maguire,Cameron Crowe,1996,8.31,Romance,Yes
Persona,Ingmar Bergman,1967,8.31,Foreign,Yes
Ratatouille,Brad Bird,2007,8.31,Family,No
Incendies,Denis Villeneuve,2010,8.30,Foreign,No
True Grit,Joel and Ethan Coen,2010,8.30,Western,No
Django Unchained,Quentin Tarantino,2012,8.29,Western,No
We Need to Talk About Kevin,Lynne Ramsay,2011,8.29,Thriller,No
C.R.A.Z.Y.,Jean-Marc Vallee,2005,8.28,Foreign,No
Forgetting Sarah Marshall,Nicholas Stoller,2008,8.28,Comedy,No
Shrek,Andrew Adamson,2001,8.28,Family,No
Traffic,Steven Soderberg,2000,8.28,Drama,Yes
American History X,Jerry Zucker,1998,8.27,Drama,Yes
Croupier,Mike Hodges,1998,8.27,Thriller,No
Match Point,Woody Allen,2005,8.27,Thriller,Yes
Somersault,Cate Shortland,2004,8.27,Independent,Yes
The Diving Bell and the Butterfly,Julian Schnabel,2007,8.27,Foreign,No
Get Low,Aaron Schneider,2009,8.26,Drama,No
Harold and Muade,Hal Ashby,1971,8.26,Romance,No
Life of Pi,Ang Lee,2012,8.26,Drama,No
The Kids are All Right,Lisa Cholodenko,2010,8.25,Drama,No
The Silence of the Lambs,Jonathan Demme,1991,8.25,Thriller,No
The Hunt,Thomas Vinterberg,2012,8.24,Foreign,No
127 Hours,Danny Boyle,2010,8.23,Drama,No
Dumb and Dumber,Bobby and Peter Farrelly,1994,8.23,Comedy,No
In Good Company,Paul Weitz,2004,8.23,Drama,Yes
Raising Arizona,Joel and Ethan Coen,1987,8.23,Comedy,Yes
Singles,Cameron Crowe,1992,8.23,Romance,Yes
The Girl with the Dragon Tattoo (orignal),Niels Arden Oplev,2009,8.23,Foreign,No
The Green Mile,Frank Darabont,1999,8.23,Drama,Yes
Toy Story 2,John Lasseter,1999,8.23,Family,No
A Christmas Story,Bob Clark,1983,8.22,Comedy,No
Blue Velvet,David Lynch,1986,8.22,Thriller,Yes
Gone Baby Gone,Ben Affleck,2007,8.22,Drama,No
Harry Potter and the Prisoner of Azkaban,Alfonso Cuaron,2004,8.22,Fantasy,No
Moneyball,Bennett Miller,2011,8.22,Sports,No
Spider-Man,Sam Raimi,2002,8.22,Action,Yes
A Very Long Engagement,Jean-Pierre Jeunet,2004,8.21,Foreign,No
Barton Fink,Joel and Ethan Coen,1991,8.21,Drama,No
Diner,Berry Levinson,1982,8.21,Drama,No
Drugstore Cowboy,Gus Van Sant,1989,8.21,Independent,No
How to Train Your Dragon,Chris Sanders,2010,8.21,Family,No
Spirited Away,Hayao Miyazaki,2001,8.21,Family,No
Talk to Her,Pedro Almodovar,2002,8.21,Foreign,No
Wayne's World 2,Stephen Surjik,1993,8.21,Comedy,Yes
Y Tu Mama Tambien,Alfonso Cuaron,2001,8.21,Foreign,No
A Clockwork Orange,Stanley Kubrick,1971,8.20,Sci-Fi,No
Blue is the Warmest Color,Abdellatif Kechiche,2013,8.20,Foreign,No
Brazil,Terry Gilliam,1985,8.20,Sci-Fi,No
Terminator 2: Judgement Day,James Cameron,1991,8.20,Sci-Fi,No
One Flew Over the Cuckoo's Nest,Milos Forman,1975,8.18,Drama,No
Dallas Buyers Club,Jean-Marc Vallee,2013,8.17,Drama,No
Source Code,Duncan Jones,2011,8.17,Sci-Fi,No
The Girl with the Dragon Tattoo,David Fincher,2011,8.17,Thriller,No
The Perks of Being a Wallflower,Stephen Chbosky,2012,8.17,Romance,No
Cutie and the Boxer,Zachary Heinzerling,2013,8.15,Documentary,No
The Angels' Share,Ken Loach,2012,8.15,Comedy,No
Gonzo,Alex Gibney,2007,8.14,Documentary,No
Ballast,Lance Hammer,2008,8.13,Independent,No
Inside Man,Spike Lee,2006,8.13,Thriller,No
The Experiment,Oliver Hirschbiegel,2001,8.13,Thriller,No
The Virgin Suicides,Sofia Coppola,1999,8.13,Drama,No
X-Men: Days of Future Past,Bryan Singer,2014,8.13,Action,No
I'm Not Scared,Gabriele Salvatores,2003,8.12,Foreign,No
La Femme Nikita,Luc Besson,1990,8.12,Action,No
Sideways,Alexander Payne,2004,8.12,Comedy,Yes
Superbad,Greg Mottola,2007,8.12,Comedy,No
"4 Months, 3 Weeks and 2 Days",Cristian Mungiu,2007,8.11,Foreign,No
Back to the Future II,Robert Zemeckis,1989,8.11,Action,No
Primer,Shane Carruth,2004,8.11,Sci-Fi,No
Revolutionary Road,Sam Mendes,2008,8.11,Drama,Yes
Best in Show,Christopher Guest,2000,8.10,Comedy,No
Drew: The Man Behind the Poster,Erik Sharkey,2013,8.10,Documentary,No
Pirates of the Caribbean: Black Pearl,Gore Verbinski,2003,8.10,Action,No
Saving Mr. Banks,John Lee Hancock,2013,8.10,Drama,No
The Conjuring,James Wan,2013,8.09,Horror,No
Captain America: The Winter Soldier,Anthony and Joe Russo,2014,8.08,Action,No
Enemy,Denis Villeneuve,2013,8.07,Thriller,No
Big Fan,Robert D. Siegel,2009,8.05,Sports,No
Breaking Away,Peter Yates,1979,8.05,Sports,No
Candy,Neil Armfield,2006,8.05,Romance,No
Compliance,Craig Zobel,2012,8.05,Thriller,No
Ed Wood,Tim Burton,1994,8.05,Comedy,No
Fruitvale Station,Ryan Coogler,2013,8.05,Independent,No
Indie Game: The Movie,James Swirsky,2012,8.05,Documentary,No
It's a Disaster,Todd Berger,2013,8.05,Independent,No
The Dirties,Matt Johnson,2013,8.05,Independent,No
Walkabout,Nicolas Roeg,1971,8.05,Drama,No
Butch Cassidy and the Sundance Kid,George Roy Hill,1969,8.04,Western,No
Kill List,Ben Wheatley,2011,8.04,Thriller,No
Batman Begins,Christopher Nolan,2005,8.03,Action,Yes
Crimes and Misdemeanors,Woody Allen,1989,8.03,Thriller,No
Frost/Nixon,Ron Howard,2008,8.03,Drama,No
Irreversible,Gaspar Noe,2002,8.03,Foreign,No
Nights and Weekends,Joe Swanberg,2008,8.03,Independent,No
Pineapple Express,David Gordon Green,2008,8.03,Comedy,No
Raid: The Redemption,Gareth Evans,2011,8.03,Foreign,No
Red,Krzysztof Kieslowski,1994,8.03,Foreign,No
The Man Who Wasn't There,Joel and Ethan Coen,2001,8.03,Thriller,Yes
Austin Powers: International Man of Mystery,Jay Roach,1997,8.02,Comedy,No
Away From Her,Sarah Polley,2006,8.02,Drama,No
Election,Alexander Payne,1999,8.02,Comedy,Yes
GoodFellas,Martin Scorsese,1990,8.02,Drama,No
Happy Accidents,Brad Anderson,2000,8.02,Sci-Fi,No
Michael Clayton,Tony Gilroy,2007,8.02,Thriller,Yes
Seven Psychopaths,Martin McDonagh,2012,8.02,Action,No
Videodrome,David Cronenberg,1983,8.02,Thriller,No
Being Elmo,Constance Marks,2011,8.01,Documentary,No
Crash,Paul Haggis,2005,8.01,Drama,Yes
Limbo,John Sayles,1999,8.01,Drama,No
Boy,Taika Cohen,2010,7.99,Comedy,No
Cabin the the Woods,Drew Goddard,2012,7.99,Horror,No
Jesus Camp,Heidi Ewing,2006,7.99,Documentary,No
Run & Jump,Steph Green,2013,7.99,Independent,No
The Class,Laurent Cantet,2008,7.99,Foreign,No
Woody Allen: A Documentary,Robert B. Weide,2011,7.99,Documentary,No
Godzilla (2014),Gareth Edwards,2014,7.97,Action,No
Happy-Go-Lucky,Mike Leigh,2008,7.97,Drama,No
Back to the Future III,Robert Zemeckis,1990,7.96,Action,No
Fletch,Michael Ritchie,1985,7.96,Comedy,No
Winter Passing,Adam Rapp,2005,7.96,Independent,Yes
Wonderland,Michael Winterbottom,1999,7.96,Drama,No
Ain't Them Bodies Saints,David Lowery,2013,7.95,Drama,No
Atonement,Joe Wright,2007,7.95,Drama,No
Don't Look Now,Nicolas Roeg,1973,7.95,Horror,No
I Am Divine,Jeffrey Schwarz,2013,7.95,Documentary,No
I Saw the Devil,Ji-woon Kim,2011,7.95,Foreign,No
I'm Not There,Todd Haynes,2007,7.95,Drama,No
Once,John Carney,2006,7.95,Drama,No
Ray Harryhausen: Special Effects Titan,Gilles Penso,2011,7.95,Documentary,No
The Amazing Spider-Man,Marc Webb,2012,7.95,Action,No
The Edge of Heaven,Fatih Akin,2007,7.95,Foreign,No
The Greatest Movie Ever Sold,Morgan Spurlock,2011,7.95,Documentary,No
You Can Count on Me,Kenneth Lonergan,2000,7.95,Independent,No
Bellflower,Evan Glodell,2011,7.94,Independent,No
Boogie Nights,Paul Thomas Anderson,1997,7.94,Drama,No
Dredd,Pete Travis,2012,7.94,Action,No
Schindler's List,Steven Spielberg,1993,7.94,War,No
Show Me Love,Lukas Moodysson,1998,7.94,Foreign,No
The Hobbit: The Desolation of Smaug,Peter Jackson,2013,7.94,Fantasy,No
The Host,Joon-ho Bong,2006,7.94,Foreign,No
Attack the Block,Joe Cornish,2011,7.93,Sci-Fi,No
Be Kind Rewind,Michel Gondry,2008,7.93,Comedy,Yes
Bully,Lee Hirsch,2011,7.93,Documentary,No
The Gold Rush,Charles Chaplin,1925,7.93,Classic,No
This Is the End,Evan Goldberg,2013,7.93,Comedy,No
Young Frankenstein,Mel Brooks,1974,7.93,Comedy,No
Zodiac,David Fincher,2007,7.93,Thriller,No
A Woman is a Woman,Jean-Luc Goddard,1961,7.92,Foreign,No
Blue,Krzysztof Kieslowski,1993,7.92,Foreign,No
Joe,David Gordon Green,2013,7.92,Drama,No
Micmacs,Jean-Pierre Jeunet,2009,7.92,Foreign,No
The Girl on the Bridge,Patrice Leconte,1999,7.92,Foreign,No
Sunset Boulevard,Billy Wilder,1950,7.91,Classic,No
Super 8,J.J. Abrams,2011,7.91,Sci-Fi,No
How to Train Your Dragon 2,Dean DeBlois,2014,7.90,Family,No
The Great Dictator,Charles Chaplin,1940,7.90,Classic,No
Cinema Paradiso,Giuseppe Tornatore,1988,7.89,Foreign,No
Gods and Monsters,Bill Condon,1998,7.89,Drama,No
Hype,Doug Pray,1996,7.89,Documentary,No
Office Space,Mike Judge,1999,7.89,Comedy,No
Rosemary's Baby,Roman Polanski,1968,7.89,Horror,No
The Muppets,James Bobin,2011,7.89,Family,No
Wonder Boys,Curtis Hanson,2000,7.89,Drama,No
Young Adult,Jason Reitman,2011,7.89,Drama,No
Bowling for Columbine,Michael Moore,2002,7.88,Documentary,No
Edward Scissorhands,Tim Burton,1990,7.88,Drama,No
I Am Trying to Break Your Heart,Sam Jones,2002,7.88,Documentary,No
Punk-Drunk Love,Paul Thomas Anderson,2002,7.88,Romance,Yes
2001: A Space Odyssey,Stanley Kubrick,1968,7.87,Sci-Fi,No
All About Eve,Joseph L. Mankiewicz,1950,7.87,Classic,No
American Psycho,Mary Harron,2000,7.87,Horror,No
American Splendor,Robert Pulcini,2003,7.87,Independent,Yes
Anchorman: The Legend of Ron Burgundy,Adam McKay,2004,7.87,Comedy,No
Beautiful Girls,Ted Demme,1996,7.87,Drama,No
Kill Bill: Vol. 1,Quentin Tarantino,2003,7.87,Action,No
Marwencol,Jeff Malmberg,2010,7.87,Documentary,No
Once Upon a Time in Mexico,Robert Rodriguez,2003,7.87,Action,Yes
The Fighter,David O. Russell,2010,7.87,Sports,No
Audition,Takashi Miike,1999,7.86,Horror,No
Badlands,Terrence Malick,1973,7.86,Drama,No
Black Dynamite,Scott Sanders,2009,7.86,Comedy,No
Blue Valentine,Derek Cianfrance,2010,7.86,Romance,No
Borat,Larry Charles,2006,7.86,Comedy,No
Do the Right Thing,Spike Lee,1989,7.86,Drama,No
Ghostbusters 2,Ivan Reitman,1989,7.86,Comedy,No
Spider-Man 2,Sam Raimi,2004,7.86,Action,No
Super Size Me,Morgan Spurlock,2004,7.86,Documentary,Yes
The Celebration,Thomas Vinterberg,1998,7.86,Foreign,No
The Kid,Charles Chaplin,1921,7.86,Classic,No
The King's Speech,Tom Hooper,2010,7.86,Drama,No
Things We Lost in the Fire,Susanne Bier,2007,7.86,Drama,No
Tombstone,George P. Cosmatos,1993,7.86,Western,No
2 Days in New York,Julie Delpy,2012,7.85,Romance,No
Blow Out,Brian de Palma,1981,7.85,Thriller,No
Bob Dylan: Don't Look Back,D.A. Pennebaker,1967,7.85,Documentary,No
Don Jon,Joseph Gordon-Levitt,2013,7.85,Romance,No
Frozen,Jennifer Lee,2013,7.85,Family,No
Gattaca,Andrew Niccol,1997,7.85,Sci-Fi,No
Margin Call,J.C. Chandor,2011,7.85,Drama,No
Monty Python and the Holy Grail,Terry Gilliam,1975,7.85,Comedy,No
Neighbors,Nicholas Stoller,2014,7.85,Comedy,No
Star Wars: Return of the Jedi,Richard Marquand,1983,7.85,Sci-Fi,No
The Hurt Locker,Kathryn Bigelow,2008,7.85,War,No
The Sessions,Ben Lewin,2012,7.85,Independent,No
Chungking Express,Kar Wai Wong,1994,7.84,Foreign,No
Mean Creek,Jacob Aaron Estes,2004,7.84,Independent,No
Milk,Gus Van Sant,2008,7.84,Drama,No
Miller's Crossing,Joel and Ethan Coen,1990,7.84,Action,No
Paper Moon,Peter Bogdanovich,1973,7.84,Comedy,No
Sound of My Voice,Zal Batmanglij,2011,7.84,Independent,No
Sugar,Ryan Fleck,2008,7.84,Independent,No
The Hobbit: An Unexpected Journey,Peter Jackson,2012,7.84,Fantasy,No
Water Lilies,Céline Sciamma,2007,7.84,Foreign,No
X-Men: First Class,Matthew Vaughn,2011,7.84,Action,No
[REC],Jaume Balagueró,2007,7.83,Horror,No
Alien,Ridley Scott,1979,7.83,Sci-Fi,No
Austin Powers: The Spy Who Shagged Me,Jay Roach,1999,7.83,Comedy,No
Blazing Saddles,Mel Brooks,1974,7.83,Comedy,No
I Stand Alone,Gaspar Noe,1998,7.83,Foreign,No
Iron Man,Jon Favreau,2008,7.83,Action,No
Lord of the Flies,Peter Brook,1963,7.83,Thriller,Yes
The Conversation,Francis Ford Coppola,1974,7.83,Thriller,No
The Sunset Limited,Tommy Lee Jones,2011,7.83,Drama,No
World's Greatest Dad,Bobcat Goldthwait,2009,7.83,Independent,No
Naked,Mike Leigh,1993,7.82,Drama,No
Let Me In,Matt Reeves,2010,7.81,Horror,No
Hello I Must Be Going,Todd Louiso,2012,7.80,Independent,No
Is the Man Who Is Tall Happy?,Michel Gondry,2013,7.80,Documentary,No
The Sapphires,Wayne Blair,2012,7.80,Drama,No
The Selfish Giant,Clio Barnard,2013,7.80,Drama,No
We Bough a Zoo,Cameron Crowe,2011,7.79,Family,No
Star Trek Into Darkness,J.J. Abrams,2013,7.78,Action,No
The Spirit of the Beehive,Víctor Erice,1973,7.78,Foreign,No
Crazy Heart,Scott Cooper,2009,7.77,Drama,No
About Schmidt,Alexander Payne,2002,7.76,Drama,No
Breathless,Jean-Luc Goddard,1960,7.76,Foreign,No
Inglorious Basterds,Quentin Tarantino,2009,7.76,Action,No
Modern Times,Charles Chaplin,1936,7.76,Classic,No
Together,Lukas Moodysson,2000,7.76,Foreign,No
Control,Anton Corbijn,2007,7.75,Drama,No
Glengarry Glen Ross,James Foley,1992,7.75,Drama,No
One Hour Photo,Mark Romanek,2002,7.75,Thriller,Yes
Zack and Miri Make a Porno,Kevin Smith,2008,7.75,Romance,No
Killer Joe,William Friedkin,2012,7.74,Thriller,No
Rust and Bone,Jacques Audiard,2012,7.74,Foreign,No
Terribly Happy,Henrik Ruben Genz,2008,7.74,Foreign,No
25th Hour,Spike Lee,2002,7.73,Drama,No
Battle Royale,Kinji Fukasaku,2000,7.73,Foreign,No
Jurassic Park,Steven Spielberg,1993,7.73,Action,No
The Last Detail,Hal Ashby,1973,7.73,Drama,No
La Haine,Mathieu Kassovitz,1995,7.72,Foreign,No
Waitress,Adrienne Shelly,2007,7.72,Romance,No
Finding Neverland,Marc Foster,2004,7.71,Fantasy,No
Snow Angels,David Gordon Green,2007,7.71,Independent,Yes
Martyrs,Pascal Laugier,2008,7.70,Foreign,No
Frozen River,Courtney Hunt,2008,7.69,Independent,No
Headhunters,Morten Tyldum,2011,7.69,Thriller,No
Magnolia,Paul Thomas Anderson,1999,7.69,Drama,No
Johnny Got His Gun,Dalton Trumbo,1971,7.68,War,No
Junebug,Phil Morrison,2005,7.68,Independent,No
Smashed,James Ponsoldt,2012,7.68,Independent,No
Au Revoir Les Enfants,Louis Malle,1987,7.67,Foreign,No
Network,Sidney Lumet,1976,7.67,Drama,No
A River Runs Through It,Robert Redford,1992,7.66,Drama,Yes
Bullhead,Michaël R. Roskam,2011,7.66,Foreign,No
Cool Hand Luke,Stuart Rosenberg,1967,7.66,Drama,No
Fish Tank,Andrea Arnold,2009,7.66,Independent,No
Pusher 3: I'm the Angel of Death,Nicolas Winding Refn,2005,7.66,Foreign,No
Rachel Getting Married,Jonathan Demme,2008,7.66,Drama,No
"Synecdoche, New York",Charlie Kaufman,2008,7.66,Comedy,No
About Time,Richard Curtis,2013,7.65,Romance,No
Alice Doesn't Live Here Anymore,Martin Scorsese,1974,7.65,Drama,No
Beautiful Losers,Joshua Leonard,2008,7.65,Documentary,No
Bonnie and Clyde,Arthur Penn,1967,7.65,Action,No
Breaking Upwards,Daryl Wein,2009,7.65,Romance,No
Kill Bill: Vol. 2,Quentin Tarantino,2004,7.65,Action,No
Monty Python's The Meaning of Life,Terry Gilliam,1983,7.65,Comedy,No
Run Lola Run,Tom Tykwer,1998,7.65,Action,No
"South Park: Bigger, Longer and Uncut",Trey Parker,1999,7.65,Comedy,No
The Devil's Backbone,Guillermo del Toro,2001,7.65,Foreign,No
The Girl in the Café,David Yates,2005,7.65,Romance,No
The Visitor,Thomas McCarthy,2007,7.65,Drama,No
Star Trek,J.J. Abrams,2009,7.64,Sci-Fi,No
The Lion King,Rob Minkoff,1994,7.64,Family,No
Side By Side,Chris Kenneally,2012,7.63,Documentary,No
Soul Kitchen,Fatih Akin,2009,7.63,Foreign,No
Stoker,Chan-wook Park,2013,7.63,Horror,No
That Evening Sun,Scott Teems,2009,7.63,Independent,No
The Avengers,Joss Wedon,2012,7.63,Action,No
The Road,John Hillcoat,2009,7.63,Thriller,No
Two Lovers,James Gray,2008,7.63,Romance,No
8 1/2,Federico Fellini,1963,7.62,Foreign,No
Pocket Money,François Truffaut,1976,7.62,Foreign,No
Tyrannosaur,Paddy Considine,2011,7.62,Drama,No
Coraline,Henry Selick,2008,7.60,Family,No
Only Lovers Left Alive,Jim Jarmusch,2013,7.60,Drama,No
The Double,Richard Ayoade,2013,7.60,Thriller,No
Be Here to Love Me,Margaret Brown,2004,7.59,Documentary,No
Tropic Thunder,Ben Stiller,2008,7.59,War,No
Bridesmaids,Paul Feig,2011,7.58,Comedy,No
Dr. Strangelove,Stanley Kubrick,1964,7.57,Comedy,Yes
Chinatown,Roman Polanski,1974,7.56,Thriller,No
Cries and Whispers,Ingmar Bergman,1972,7.56,Foreign,No
Funny Games,Michael Haneke,1998,7.56,Horror,No
Love and Death,Woody Allen,1975,7.56,Comedy,No
My Summer of Love,Pawel Pawlikowski,2004,7.56,Romance,No
Shallow Grave,Danny Boyle,1994,7.56,Thriller,No
The Blair Witch Project,Daniel Myrick,1999,7.56,Horror,No
The Town,Ben Affleck,2010,7.56,Action,No
Everything or Nothing: The Untold Story of 007,Stevan Riley,2012,7.55,Documentary,No
Indiana Jones and the Last Crusade,Steven Spielberg,1989,7.55,Action,No
Mississippi Burning,Alan Parker,1988,7.55,Drama,No
No Direction Home: Bob Dylan,Martin Scorsese,2005,7.55,Documentary,No
Sin Nombre,Cary Fukunaga,2009,7.55,Foreign,No
22 Jump Street,Phil Lord,2014,7.54,Comedy,No
Ace Ventura: Pet Detective,Tom Shadyac,1994,7.54,Comedy,No
Before the Devil Knows You're Dead,Sidney Lumet,2007,7.54,Thriller,No
Clerks,Kevin Smith,1994,7.54,Independent,No
Five Minutes of Heaven,Oliver Hirschbiegel,2009,7.54,Drama,No
How to Survive a Plague,David France,2012,7.54,Documentary,No
Man on Wire,James Marsh (doc),2008,7.54,Documentary,No
Ruby Sparks,Jonathan Dayton,2012,7.54,Romance,No
Supporting Characters,Daniel Schechter,2012,7.54,Independent,No
The Three Burials of Melquiades Estrada,Tommy Lee Jones,2005,7.54,Thriller,No
Who's Afraid of Virginia Woolf?,Mike Nichols,1966,7.54,Drama,No
Napoleon Dynamite,Jared Hess,2004,7.53,Comedy,No
Phoebe in Wonderland,Daniel Barnz,2008,7.53,Drama,No
Recount,Jay Roach,2008,7.53,Drama,No
The Crying Game,Neil Jordan,1992,7.53,Thriller,No
Akeelah and the Bee,Doug Atchison,2006,7.52,Drama,No
Father of the Bride 2,Charles Shyer,1995,7.52,Comedy,No
Hellboy,Guillermo del Toro,2004,7.52,Action,No
Braveheart,Mel Gibson,1995,7.51,Action,No
City Lights,Charles Chaplin,1931,7.51,Classic,No
Dan in Real Life,Peter Hedges,2007,7.51,Drama,No
Kontroll,Nimród Antal,2004,7.51,Foreign,No
Sleepwalk with Me,Mike Birbiglia,2012,7.51,Independent,No
The Exorcist,William Friedkin,1973,7.51,Horror,No
Un Chien Andalou,Luis Bunuel,1929,7.51,Foreign,No
Captain Phillips,Paul Greengrass,2013,7.50,Action,No
Holy Motors,Leos Carax,2012,7.50,Foreign,No
Pierrot Le Fou,Jean-Luc Goddard,1965,7.50,Foreign,No
God Bless America,Bobcat Goldthwait,2011,7.49,Independent,No
Joan Baez: How Sweet the Sound,Mary Wharton,2009,7.49,Documentary,No
Shoot 'Em Up,Michael Davis,2007,7.49,Action,No
Sling Blade,Billy Bob Thorton,1996,7.49,Drama,No
The Dreamers,Bernardo Bertolucci,2003,7.49,Romance,No
The Purple Rose of Cairo,Woody Allen,1985,7.49,Romance,Yes
Barney's Version,Richard J. Lewis,2011,7.48,Drama,No
The Curious Case of Benjamin Button,David Fincher,2008,7.48,Drama,No
The Lookout,Scott Frank,2007,7.48,Thriller,No
The Place Beyond the Pines,Derek Cianfrance,2013,7.48,Action,No
The Return,Andrei Zvyagintsev,2003,7.48,Foreign,No
Bug,William Friedkin,2006,7.47,Horror,No
Horrible Bosses,Seth Gordon,2011,7.47,Comedy,No
Reprise,Joachim Trier,2006,7.47,Foreign,No
Eagle vs. Shark,Taika Cohen,2007,7.46,Comedy,Yes
Heat,Michael Mann,1995,7.46,Action,No
The City of Lost Children,Jean-Pierre Jeunet,1995,7.46,Foreign,No
A Simple Plan,Sam Raimi,1998,7.45,Drama,No
A Woman Under the Influence,John Cassavetes,1974,7.45,Drama,No
Being There,Hal Ashby,1979,7.45,Comedy,No
Dead Man's Shoes,Shane Meadows,2004,7.45,Independent,No
Diggers,Katherine Dieckmann,2006,7.45,Independent,No
Dogtooth,Giorgos Lanthimos,2009,7.45,Foreign,No
Downfall,Oliver Hirschbiegel,2004,7.45,Foreign,No
Finding Nemo,Andrew Stanton,2003,7.45,Family,No
Jane Eyre,Cary Fukunaga,2011,7.45,Romance,No
The Bourne Supremacy,Paul Greengrass,2004,7.45,Action,No
X2: X-Men United,Bryan Singer,2003,7.45,Action,No
Autumn Sonata,Ingmar Bergman,1978,7.44,Foreign,No
Buried,Rodrigo Cortés,2010,7.44,Thriller,No
Dead Ringers,David Cronenberg,1988,7.44,Thriller,No
Into the Wild,Sean Penn,2007,7.44,Drama,No
Mother,Joon-ho Bong,2009,7.44,Foreign,No
Muscle Shoals,"Greg ""Freddy"" Camalier",2013,7.44,Documentary,No
Arsenic and Old Lace,Frank Capra,1944,7.43,Classic,No
Assassination of Jesse James,Andrew Dominik,2007,7.43,Drama,No
Corpse Bride,Tim Burton,2005,7.43,Family,No
Father of the Bride,Charles Shyer,1991,7.43,Comedy,No
Kung Fu Panda,Mark Osborne,2008,7.43,Family,No
Ocean's Eleven,Steven Soderberg,2001,7.43,Action,No
Red Road,Andrea Arnold,2006,7.43,Thriller,No
White,Krzysztof Kieslowski,1994,7.43,Foreign,No
 Mortified Nation,Michael Mayer,2013,7.42,Documentary,No
Swimming Pool,François Ozon,2003,7.42,Foreign,No
American Gangster,Ridley Scott,2007,7.41,Action,No
Bernie,Richard Linklater,2011,7.41,Comedy,No
Biutiful,Alejandro González Iñárritu,2010,7.41,Foreign,No
Happiness,Todd Solondz,1998,7.41,Drama,No
Ondine,Neil Jordan,2009,7.41,Romance,No
The Vicious Kind,Lee Toland Krieger,2009,7.41,Independent,No
Harry Potter and the Goblet of Fire,Mike Newell,2005,7.40,Fantasy,No
The Bicycle Thief,Vittorio De Sica,1948,7.40,Foreign,No
Locke,Steven Knight,2013,7.39,Drama,No
Sexy Beast,Jonathan Glazer,2001,7.39,Thriller,No
Tell No One,Guillaume Canet,2006,7.39,Foreign,No
The Woodsman,Nicole Kassell,2004,7.39,Drama,No
This Must Be the Place,Paolo Sorrentino,2011,7.38,Drama,No
Adam's Apples,Anders Thomas Jensen,2005,7.37,Foreign,No
Ghost Dog: The Way of the Samurai,Jim Jarmusch,2000,7.37,Action,No
LoudQUIETloud: A Film About the Pixies,Steven Cantor,2006,7.37,Documentary,No
Megamind,Tom McGrath,2010,7.37,Family,No
The Breakfast Club,John Hughes,1985,7.37,Drama,No
The Last Day of Disco,Whit Stillman,1998,7.37,Independent,No
Argo,Ben Affleck,2012,7.36,Drama,No
Buffalo '66,Vincent Gallo,1998,7.35,Comedy,No
Pusher,Nicolas Winding Refn,1996,7.35,Foreign,No
The Believer,Henry Bean,2001,7.35,Drama,No
Affliction,Paul Schrader,1998,7.34,Drama,No
Babel,Alejandro González Iñárritu,2006,7.34,Drama,No
Enduring Love,Roger Michell,2004,7.34,Thriller,No
Fahrenheit 9/11,Michael Moore,2004,7.34,Documentary,No
Heaven,Tom Tykwer,2002,7.34,Drama,No
Repulsion,Roman Polanski,1965,7.34,Thriller,No
Watchmen,Zack Snyder,2009,7.34,Action,No
Alexander the Last,Joe Swanberg,2009,7.33,Independent,No
An Education,Lone Scherfig,2008,7.33,Drama,No
Bolt,Byron Howard,2008,7.33,Family,No
Capturing the Friedmans,Andrew Jarecki,2003,7.33,Documentary,No
Dodgeball: A True Underdog Story,Rawson Marshall Thurber,2004,7.33,Sports,No
Evil,Mikael Hafstrom,2003,7.33,Foreign,No
Midnight Cowboy,John Schlesinger,1969,7.33,Drama,No
Muppets Most Wanted,James Bobin,2014,7.33,Family,No
Noise,Matthew Saville,2007,7.33,Independent,No
Road to Perdition,Sam Mendes,2002,7.33,Action,No
The Dangerous Life of Alter Boys,Peter Care,2002,7.33,Drama,No
The French Connection,William Friedkin,1971,7.33,Action,No
The Informant!,Steven Soderberg,2009,7.33,Comedy,Yes
The Red Shoes,Michael Powell,1948,7.33,Thriller,No
The Terminal,Steven Spielberg,2004,7.33,Drama,Yes
Another Year,Mike Leigh,2010,7.32,Drama,No
Bad Santa,Terry Zwigoff,2003,7.32,Comedy,No
Bob Roberts,Tim Robbins,1992,7.32,Comedy,No
On the Waterfront,Elia Kazan,1954,7.32,Classic,No
Open Hearts,Susanne Bier,2002,7.32,Foreign,No
Panic Room,David Fincher,2002,7.32,Thriller,No
Primal Fear,Gregory Hoblit,1996,7.32,Thriller,No
The Black Balloon,Elissa Down,2008,7.32,Independent,No
Baby Mama,Michael McCullers,2008,7.31,Comedy,No
Evil Dead (2013),Fede Alvarez,2013,7.31,Horror,No
"Good Morning, Vietnam",Berry Levinson,1987,7.31,Comedy,No
Paradise Now,Hany Abu-Assad,2005,7.31,Foreign,No
Philadelphia,Jonathan Demme,1993,7.31,Drama,No
The Fisher King,Terry Gilliam,1991,7.31,Drama,No
The Orphanage,Juan Antonio Bayona,2007,7.31,Horror,No
Through a Glass Darkly,Ingmar Bergman,1961,7.31,Foreign,No
Welcome to the Dollhouse,Todd Solondz,1995,7.31,Independent,No
Black Snake Moan,Craig Brewer,2007,7.30,Drama,No
Mars Attacks!,Tim Burton,1996,7.30,Sci-Fi,No
The Skin I Live In,Pedro Almodovar,2011,7.30,Foreign,No
What Richard Did,Lenny Abrahamson,2012,7.30,Drama,No
Young@Heart,Stephen Walker,2007,7.30,Documentary,No
Red White & Blue,Simon Rumley,2010,7.29,Thriller,No
Paranormal Activity,Oren Peli,2007,7.28,Horror,No
"Play It Again, Sam",Herbert Ross,1972,7.28,Comedy,No
Rabbit Hole,John Cameron Mitchell,2010,7.28,Drama,No
Senna,Asif Kapadia,2010,7.28,Documentary,No
12 Angry Men,Sidney Lumet,1957,7.27,Classic,No
Grosse Pointe Blank,George Armitage,1997,7.27,Action,Yes
Pleasantville,Gary Ross,1998,7.27,Drama,No
The 40-Year Old Virgin,Judd Apatow,2005,7.27,Comedy,No
Warrior,Gavin O'Connor,2011,7.27,Sports,No
Youth in Revolt,Miguel Arteta,2009,7.27,Comedy,No
Cube,Vincenzo Natali,1997,7.26,Thriller,No
Grindhouse: Planet Terror,Robert Rodriguez,2007,7.26,Action,No
The Aviator,Martin Scorsese,2004,7.26,Drama,No
We Are What We Are,Jim Mickle,2013,7.26,Thriller,No
Cache,Michael Haneke,2005,7.25,Foreign,No
Chronicle,Josh Tank,2012,7.25,Action,No
Get Him to the Greek,Nicholas Stoller,2010,7.25,Comedy,No
Harry Potter and the Deathly Hallows: Pt. 2,David Yates,2011,7.25,Fantasy,No
Mr. Peabody & Sherman,Rob Minkoff,2014,7.25,Family,No
Pusher 2: With Blood on My Hands,Nicolas Winding Refn,2004,7.25,Foreign,No
"Spring, Summer, Fall, Winter... and Spring",Ki-duk Kim,2004,7.25,Foreign,No
Amadeus,Milos Forman,1984,7.24,Drama,No
Manhunter,Michael Mann,1986,7.24,Thriller,No
Project Nim,James Marsh (doc),2011,7.24,Documentary,No
The Circus,Charles Chaplin,1928,7.24,Classic,No
The Intouchables,Olivier Nakache,2011,7.24,Foreign,No
The Virgin Spring,Ingmar Bergman,1960,7.24,Foreign,No
13 Tzameti,Géla Babluani,2005,7.23,Foreign,No
21 Jump Street,Phil Lord,2012,7.23,Comedy,No
Bound,Andy Wachowski,1996,7.23,Thriller,No
Brick,Rian Johnson,2005,7.23,Independent,No
Delicatessen,Jean-Pierre Jeunet,1991,7.23,Foreign,No
Husbands and Wives,Woody Allen,1992,7.23,Drama,No
It Happened One Night,Frank Capra,1934,7.23,Classic,No
Jaws,Steven Spielberg,1975,7.23,Horror,No
Layer Cake,Matthew Vaughn,2004,7.23,Action,No
Murderball,Henry Alex Rubin,2005,7.23,Documentary,No
Our Idiot Brother,Jesse Peretz,2011,7.23,Comedy,No
Team America: World Police,Trey Parker,2004,7.23,Comedy,No
Terms of Endearment,James L. Brooks,1983,7.23,Drama,No
The Door in the Floor,Tod Williams,2004,7.23,Drama,No
The Hitchhicker's Guide to the Galaxy,Garth Jennings,2005,7.23,Sci-Fi,No
The King,James Marsh,2005,7.23,Independent,No
Thirteen,Catherine Hardwicke,2003,7.23,Drama,No
Waking Life,Richard Linklater,2001,7.23,Drama,Yes
Withnail and I,Bruce Robinson,1987,7.23,Independent,No
Confessions of a Dangerous Mind,George Clooney,2002,7.22,Thriller,No
Dirty Pretty Things,Stephen Frears,2002,7.22,Drama,No
Eastern Promises,David Cronenberg,2007,7.22,Action,No
In a Better World,Susanne Bier,2010,7.22,Foreign,No
Monsters University,Dan Scanion,2013,7.22,Family,No
Norman,Jonathan Segal,2010,7.22,Independent,No
Something Wild,Jonathan Demme,1986,7.22,Romance,No
The Abyss,James Cameron,1989,7.22,Sci-Fi,No
The Ghost Writer,Roman Polanski,2010,7.22,Thriller,No
The Incredibles,Brad Bird,2004,7.22,Family,No
The Shining,Stanley Kubrick,1980,7.22,Horror,No
The Son,Jean-Pierre Dardenne,2002,7.22,Foreign,No
The Thin Red Line,Terrence Malick,1998,7.22,War,No
Venus,Roger Michell,2006,7.22,Drama,No
28 Days Later,Danny Boyle,2002,7.21,Horror,No
28 Weeks Later,Juan Carlos Fresnadillo,2007,7.21,Horror,No
Airplane II: The Sequel,Ken Finkleman,1982,7.21,Comedy,No
Bruce Almighty,Tom Shadyac,2003,7.21,Comedy,Yes
Dead Man,Jim Jarmusch,1995,7.21,Independent,No
Kindergarten Cop,Ivan Reitman,1990,7.21,Action,No
Lilya 4-Ever,Lukas Moodysson,2003,7.21,Foreign,No
Never Let Me Go,Mark Romanek,2010,7.21,Romance,No
Open Your Eyes,Alejandro Amenabar,1997,7.21,Foreign,No
Out of Sight,Steven Soderberg,1998,7.21,Thriller,No
Sicko,Michael Moore,2007,7.21,Documentary,No
Stardust Memories,Woody Allen,1980,7.21,Drama,Yes
The Evil Dead,Sam Raimi,1981,7.21,Horror,No
The Guard,John Michael McDonagh,2011,7.21,Thriller,No
The Sting,George Roy Hill,1973,7.21,Thriller,No
Training Day,Antoine Fuqua,2001,7.21,Thriller,No
Iron Man 3,Shane Black,2013,7.20,Action,No
Letters from Iwo Jima,Clint Eastwood,2007,7.20,War,No
Terms And Conditions May Apply,Cullen Hoback,2013,7.20,Documentary,No
Shine,Scott Hicks,1996,7.19,Drama,No
The Boondock Saints,Troy Duffy,1999,7.19,Action,No
Zoolander,Ben Stiller,2001,7.19,Comedy,No
Antiviral,Brandon Cronenberg,2012,7.18,Thriller,No
End of Watch,David Ayer,2012,7.18,Action,No
Gangs of New York,Martin Scorsese,2002,7.18,Drama,No
L.I.E.,Michael Cuesta,2001,7.18,Drama,No
Neil Young: Heart of Gold,Jonathan Demme,2006,7.18,Documentary,No
One Week,Michael McGowan,2008,7.18,Independent,No
Teeth,Mitchell Lichtenstein,2007,7.18,Horror,No
The Motorcycle Diaries,Walter Salles,2004,7.18,Foreign,No
The Piano,Jane Campion,1993,7.18,Drama,No
The Croods,Kirk DeMicco,2013,7.17,Family,No
"Waiting for ""Superman""",Davis Guggenheim,2010,7.17,Documentary,No
Dead Man Walking,Tim Robbins,1995,7.16,Drama,No
Lonesome Jim,Steve Buscemi,2005,7.16,Drama,No
Being John Malkovich,Spike Jonze,1999,7.15,Independent,No
Pink Floyd: The Wall,Alan Parker,1982,7.15,Drama,No
Bad Education,Pedro Almodovar,2004,7.14,Foreign,No
Contagion,Steven Soderberg,2011,7.14,Thriller,No
Daylight,David Barker,2010,7.14,Independent,No
Kung Fu Panda 2,Jennifer Yuh,2011,7.14,Family,No
Lone Star,John Sayles,1996,7.14,Drama,No
Son of Rambow,Garth Jennings,2007,7.14,Drama,No
The Secret in Their Eyess,Juan Jose Campanella,2010,7.14,Foreign,No
Welcome to Sarajevo,Michael Winterbottom,1997,7.14,Drama,No
Batman,Tim Burton,1989,7.13,Action,No
Brodre,Susanne Bier,2005,7.13,Foreign,No
Cedar Rapids,Miguel Arteta,2011,7.13,Comedy,No
Dead Poets Society,Peter Weir,1989,7.13,Drama,No
I Am Not a Hipster,Destin Cretton,2012,7.13,Independent,No
Iron Man 2,Jon Favreau,2010,7.13,Action,No
Tales from the Script,Peter Hanson,2009,7.13,Documentary,No
Talladega Nights,Adam McKay,2006,7.13,Comedy,No
The Others,Alejandro Amenabar,2001,7.13,Thriller,No
The Square,Nash Edgerton,2008,7.13,Foreign,No
Titanic,James Cameron,1997,7.13,Romance,No
United 93,Paul Greengrass,2006,7.13,Drama,No
Babe,Chris Noonan,1995,7.12,Family,No
Blue Caprice,Alexandre Moors,2013,7.12,Independent,No
Capote,Bennett Miller,2005,7.12,Thriller,No
Casino,Martin Scorsese,1995,7.12,Action,No
Dog Day Afternoon,Sidney Lumet,1975,7.12,Thriller,No
Goon,Michael Dowse,2011,7.12,Sports,No
Lolita,Stanley Kubrick,1962,7.12,Romance,No
My Life Without Me,Isabel Coixet,2003,7.12,Drama,No
Slither,James Gunn,2006,7.12,Horror,No
Ted,Seth McFarlane,2012,7.12,Comedy,No
The Apartment,Billy Wilder,1960,7.12,Comedy,No
The Five-Year Engagement,Nicholas Stoller,2012,7.12,Romance,No
The Ice Storm,Ang Lee,1997,7.12,Drama,No
The Puffy Chair,Jay and Mark Duplass,2005,7.12,Independent,No
A Simple Curve,Aubrey Nealon,2005,7.11,Independent,No
Aladdin,Ron Clements,1992,7.11,Family,No
Catch Me If You Can,Steven Spielberg,2002,7.11,Thriller,No
Man Bites Dog,Remy Belvaux,1992,7.11,Foreign,No
Manic,Jordan Melamed,2001,7.11,Independent,No
Pacific Rim,Guillermo del Toro,2013,7.11,Action,No
Thumbsucker,Mike Mills,2005,7.11,Independent,No
Waltz with Bashir,Ari Folman,2008,7.11,Documentary,No
A Fish Called Wanda,Charles Crichton,1988,7.10,Comedy,No
Forrest Gump,Robert Zemeckis,1994,7.10,Drama,No
Hanna,Joe Wright,2011,7.10,Thriller,No
Lincoln,Steven Spielberg,2012,7.10,Drama,No
Misery,Rob Reiner,1990,7.10,Horror,No
Proof,Jocelyn Moorhouse,1991,7.10,Drama,No
Stake Land,Jim Mickle,2010,7.10,Action,No
Swingers,Doug Liman,1996,7.10,Comedy,No
Carnage,Roman Polanski,2011,7.09,Comedy,No
Masculin Feminin,Jean-Luc Goddard,1966,7.09,Foreign,No
Tiny Furniture,Lena Dunham,2010,7.08,Independent,No
A Fistfull of Dollars,Sergio Leone,1964,7.07,Western,No
It's Kind of a Funny Story,Ryan Fleck,2010,7.07,Independent,No
Open Range,Kevin Costner,2003,7.07,Western,No
Trees Lounge,Steve Buscemi,1996,7.07,Independent,No
Wild Strawberries,Ingmar Bergman,1957,7.07,Foreign,No
Bad Lieutenant: Port of Call New Orleans,Werner Herzog,2009,7.06,Action,No
Hotel Rwanda,Terry George,2004,7.06,Drama,No
Lawless,John Hillcoat,2012,7.06,Action,No
Summer Hours,Olivier Assayas,2008,7.06,Foreign,No
Whip It,Drew Barrymore,2009,7.06,Sports,No
Adam,Max Mayer,2009,7.05,Romance,No
Four Lions,Christopher Morris,2010,7.05,Comedy,No
Gardens of the Night,Damian Harris,2008,7.05,Drama,No
Hellboy II: The Golden Army,Guillermo del Toro,2008,7.05,Action,No
The Bourne Identity,Doug Liman,2002,7.05,Action,No
Under the Skin,Jonathan Glazer,2013,7.05,Sci-Fi,No
Zero Day,Ben Coccio,2003,7.05,Drama,No
All About My Mother,Pedro Almodovar,1999,7.04,Foreign,No
Mission: Impossible - Ghost Protocol,Brad Bird,2011,7.04,Action,No
Much Ado About Nothing,Joss Wedon,2013,7.04,Comedy,No
Restrepo,Tim Hetherington,2010,7.04,Documentary,No
Terri,Azazel Jacobs,2011,7.04,Independent,No
The Descent,Neil Marshall,2005,7.04,Horror,No
The Nightmare Before Christmas,Henry Selick,1993,7.04,Family,No
A Prairie Home Companion,Robert Altman,2006,7.03,Comedy,No
Aliens,James Cameron,1986,7.03,Sci-Fi,No
Citzen Ruth,Alexander Payne,1996,7.03,Comedy,No
Cloud Atlas,Andy Wachowski,2012,7.03,Action,No
E.T. the Extra-Terrestrial,Steven Spielberg,1982,7.03,Family,No
Elegy,Isabel Coixet,2008,7.03,Romance,No
Elf,Jon Favreau,2003,7.03,Family,No
Elizabethtown,Cameron Crowe,2005,7.03,Romance,Yes
Evil Dead,Sam Raimi,1981,7.03,Horror,No
Harry Potter and the Deathly Hallows: Pt. 1,David Yates,2010,7.03,Fantasy,No
Hoop Dreams,Steve James,1994,7.03,Documentary,No
Hope Springs,David Frankel,2012,7.03,Romance,No
In the Mood for Love,Kar Wai Wong,2001,7.03,Foreign,No
Kicking and Screaming,Noah Baumback,1995,7.03,Independent,No
Rear Window,Alfred Hitchcock,1954,7.03,Classic,No
Rescue Dawn,Werner Herzog,2006,7.03,War,No
RocknRolla,Guy Ritchie,2008,7.03,Action,No
Somewhere,Sofia Coppola,2010,7.03,Drama,No
Spanglish,James L. Brooks,2004,7.03,Drama,Yes
Tangled,Byron Howard,2010,7.03,Family,No
The 400 Blows,François Truffaut,1959,7.03,Foreign,No
The Fountain,Darren Aronofsky,2006,7.03,Thriller,No
The Insider,Michael Mann,1999,7.03,Thriller,No
The Killing,Stanley Kubrick,1956,7.03,Classic,No
The Limey,Steven Soderberg,1999,7.03,Action,No
The Other Gusy,Adam McKay,2010,7.03,Comedy,No
The Secret Life of Walter Mitty,Ben Stiller,2013,7.03,Drama,No
Trance,Danny Boyle,2013,7.03,Thriller,No
Tristram Shandy: A Cock and Bull Story,Michael Winterbottom,2005,7.03,Comedy,No
Undertow,David Gordon Green,2004,7.03,Thriller,Yes
Warm Bodies,Jonathan Levine,2013,7.03,Horror,No
Witness,Peter Weir,1985,7.03,Thriller,No
All Is Lost,J.C. Chandor,2013,7.02,Drama,No
Avatar,James Cameron,2009,7.02,Fantasy,No
Big,Penny Marshall,1988,7.02,Comedy,No
Blood Diamond,Edward Zwick,2006,7.02,Drama,No
Day Night Day Night,Julia Loktev,2006,7.02,Independent,No
Following,Christopher Nolan,1998,7.02,Independent,No
"Good Night, and Good Luck.",George Clooney,2005,7.02,Drama,No
Hamlet 2,Andrew Fleming,2008,7.02,Comedy,No
Nowhere Boy,Sam Taylor Wood,2009,7.02,Drama,No
Perfect Sense,David Mackenzie,2011,7.02,Romance,No
Shrek 2,Andrew Adamson,2004,7.02,Family,No
Taken,Pierre Morel,2008,7.02,Action,No
That Obscure Object of Desire,Luis Bunuel,1977,7.02,Foreign,No
The Constant Gardener,Ferando Mierelles,2005,7.02,Drama,No
The Machinist,Brad Anderson,2004,7.02,Thriller,No
The Sea Inside,Alejandro Amenabar,2004,7.02,Foreign,No
Black Hawk Down,Ridley Scott,2001,7.01,Action,No
Cars,John Lasseter,2006,7.01,Family,No
Crumb,Terry Zwigoff,1994,7.01,Documentary,No
Dawn of the Dead,Zack Snyder,2004,7.01,Horror,No
Guess Who's Coming to Dinner,Stanley Kramer,1967,7.01,Romance,No
Hard Eight,Paul Thomas Anderson,1996,7.01,Thriller,No
Into the Abyss,Werner Herzog,2011,7.01,Documentary,No
Kiss Kiss Bang Bang,Shane Black,2005,7.01,Action,No
Pieces of April,Peter Hedges,2003,7.01,Drama,No
Some Like It Hot,Billy Wilder,1959,7.01,Classic,No
Sullivan's Travels,Preston Sturges,1941,7.01,Classic,No
Monster House,Gil Kenan,2006,7.00,Family,No
National Lampoon's Christmas Vacation,Jeremiah S. Chechik,1989,7.00,Comedy,No
The Last King of Scotland,Kevin MacDonald,2006,7.00,Drama,No
The Pianist,Roman Polanski,2002,7.00,Drama,No
Air Guitar Nation,Alexandra Lipsitz,2006,6.99,Documentary,No
Down Terrace,Ben Wheatley,2009,6.99,Thriller,No
Persepolis,Vincent Paronnaud,2007,6.99,Drama,No
Albatross,Niall MacCormick,2011,6.98,Independent,No
Cinderella Man,Ron Howard,2005,6.98,Drama,No
Duck Soup,Leo McCarey,1933,6.98,Classic,No
Go,Doug Liman,1999,6.98,Thriller,No
Indiana Jones and the Temple of Doom,Steven Spielberg,1984,6.98,Action,No
Pariah,Dee Rees,2011,6.98,Independent,No
Robin Hood: Men In Tights,Mel Brooks,1993,6.98,Comedy,No
Severance,Christopher Smith,2006,6.98,Horror,No
Sightseers,Ben Wheatley,2012,6.98,Comedy,No
Blow,Ted Demme,2001,6.97,Drama,No
Bronson,Nicolas Winding Refn,2008,6.97,Independent,No
Cashback,Sean Ellis,2006,6.97,Sci-Fi,No
Chop Shop,Ramin Bahrani,2007,6.97,Independent,No
Jackie Brown,Quentin Tarantino,1997,6.97,Action,No
Lost in America,Albert Brooks,1985,6.97,Comedy,No
Mona Lisa,Neil Jordan,1986,6.97,Drama,No
Religulous,Larry Charles,2008,6.97,Documentary,No
The Reader,Stephen Daldry,2008,6.97,Romance,No
The Terminator,James Cameron,1984,6.97,Sci-Fi,No
Thesis,Alejandro Amenabar,1996,6.97,Foreign,No
Walking and Talking,Nicole Holofcener,1996,6.97,Independent,No
Certified Copy,Abbas Kiarostami,2010,6.96,Foreign,No
Eden Lake,James Watkins,2008,6.96,Horror,No
Eyes Wide Shut,Stanley Kubrick,1999,6.96,Thriller,No
Next Stop Wonderland,Brad Anderson,1998,6.96,Comedy,No
The Lovers on the Bridge,Leos Carax,1991,6.96,Foreign,No
The Swell Season,Chris Dapkins,2011,6.96,Documentary,No
True Adolescents,Craig Johnson,2009,6.96,Independent,No
3:10 to Yuma,James Mangold,2007,6.95,Western,No
Aguirre: The Wrath of God,Werner Herzog,1972,6.95,Foreign,No
Clueless,Amy Heckerling,1995,6.95,Comedy,No
Four Weddings and a Funeral,Mike Newell,1994,6.95,Romance,No
Live Flesh,Pedro Almodovar,1997,6.95,Foreign,No
North by Northwest,Alfred Hitchcock,1959,6.95,Action,No
Time Bandits,Terry Gilliam,1981,6.95,Fantasy,No
Zero Dark Thirty,Kathryn Bigelow,2012,6.95,Action,No
House,Nobuhiko Obayashi,1977,6.94,Foreign,No
Kalifornia,Dominic Sena,1993,6.94,Thriller,No
Laurel Canyon,Lisa Cholodenko,2003,6.94,Drama,No
Like Crazy,Drake Doremus,2011,6.94,Romance,No
The Iron Giant,Brad Bird,1999,6.94,Family,No
This is 40,Judd Apatow,2012,6.94,Comedy,No
As Good As It Gets,James L. Brooks,1997,6.93,Drama,No
Code 46,Michael Winterbottom,2003,6.93,Sci-Fi,No
Higher Ground,Vera Farmiga,2011,6.93,Independent,No
Monster,Patty Jenkins,2003,6.93,Drama,No
Punching the Clown,Gregori Viens,2009,6.93,Independent,No
Ratcatcher,Lynne Ramsay,1999,6.93,Independent,No
Sherlock Holmes,Guy Ritchie,2009,6.93,Action,No
Sleepless in Seattle,Nora Ephron,1993,6.93,Romance,No
Straw Dogs,Sam Peckinpah,1971,6.93,Thriller,No
The People vs. Larry Flynt,Milos Forman,1996,6.93,Drama,No
Winnebago Man,Ben Steinbauer,2009,6.93,Documentary,No
A Guide to Recognizing Your Saints,Dito Montiel,2006,6.92,Independent,No
Baghead,Jay and Mark Duplass,2008,6.92,Independent,No
Double Indemnity,Billy Wilder,1944,6.92,Classic,No
Kiss of the Spider Woman,Hector Babenco,1985,6.92,Drama,No
Lady Vengeance,Chan-wook Park,2005,6.92,Foreign,No
The Straight Story,David Lynch,1999,6.92,Family,No
The Weather Man,Gore Verbinski,2005,6.92,Drama,No
Waiting for Guffman,Christopher Guest,1996,6.92,Comedy,No
Cleo from 5 to 7,Agnès Varda,1961,6.91,Foreign,No
Legends of the Fall,Edward Zwick,1994,6.91,War,Yes
Role Models,David Wain,2008,6.91,Comedy,No
A League of Their Own,Penny Marshall,1992,6.90,Sports,No
The East,Zal Batmanglij,2013,6.90,Thriller,No
Waking Ned Devine,Kirk Jones,1998,6.90,Independent,No
Life as a House,Irwin Winkler,2001,6.89,Drama,No
Catfish,Henry Joost,2010,6.88,Documentary,No
Despicable Me 2,Pierre Coffin,2013,6.88,Family,No
Easy Rider,Dennis Hopper,1969,6.88,Drama,No
Haywire,Steven Soderberg,2011,6.88,Action,No
He Died with a Felafel in His Hand,Richard Lowenstein,2001,6.88,Comedy,No
Shut Up and Play the Hits,Will Lovelace,2012,6.88,Documentary,No
Still Walking,Hirokazu Koreeda,2008,6.88,Foreign,No
The Trosky,Jacob Tierney,2009,6.88,Independent,No
The Wild Hunt,Alexandre Franchi,2009,6.88,Independent,No
Wreck-It Ralph,Rich Moore,2012,6.88,Family,No
$5 a Day,Nigel Cole,2008,6.87,Comedy,No
1984,Michael Radford,1984,6.87,Sci-Fi,No
Bella,Alejandro Gomez Monteverde,2006,6.87,Drama,No
Black Sheep,Penelope Spheeris,1996,6.87,Comedy,No
Capitalism: A Love Story,Michael Moore,2009,6.87,Documentary,No
Diabolique,Henri-Georges Clouzot,1954,6.87,Classic,No
Easy A,Will Gluck,2010,6.87,Comedy,No
Erin Brockovich,Steven Soderberg,2000,6.87,Drama,No
Fearless,Peter Weir,1993,6.87,Drama,No
Frailty,Bill Paxton,2002,6.87,Thriller,No
Grindhouse: Death Proof,Quentin Tarantino,2007,6.87,Action,No
In the Company of Men,Neil LaBute,1997,6.87,Comedy,No
Ira & Abby,Robert Cary,2006,6.87,Romance,No
Lord of War,Andrew Niccol,2005,6.87,Action,No
Paranormal Activity 2,Tod Williams,2010,6.87,Horror,No
Peeping Tom,Michael Powell,1960,6.87,Thriller,No
"Planes, Trains and Automobiles",John Hughes,1987,6.87,Comedy,No
Short Cuts,Robert Altman,1993,6.87,Drama,No
Slacker,Richard Linklater,1991,6.87,Independent,No
Somers Town,Shane Meadows,2008,6.87,Drama,No
The Artist,Michel Hazanavicius,2011,6.87,Drama,No
The Bank Job,Roger Donaldson,2008,6.87,Action,No
The Dead Zone,David Cronenberg,1983,6.87,Thriller,No
The Fall,Tarsem Singh,2006,6.87,Drama,No
The Imaginarium of Doctor Parnassus,Terry Gilliam,2009,6.87,Fantasy,Yes
The Messenger,Oren Moverman,2009,6.87,Drama,No
The New World,Terrence Malick,2005,6.87,Romance,No
The Night of the Hunter,Charles Laughton,1955,6.87,Classic,No
The Producers,Mel Brooks,1968,6.87,Comedy,No
Transsiberian,Brad Anderson,2008,6.87,Thriller,No
Troubled Water,Erik Poppe,2008,6.87,Foreign,No
Dancer in the Dark,Lars von Trier,2000,6.86,Independent,No
Julie & Julia,Nora Ephron,2009,6.86,Drama,No
Leaving Las Vegas,Mike Figgis,1995,6.86,Drama,No
Lymelife,Derick Martini,2008,6.86,Independent,No
The Grey,Joe Carnahan,2012,6.86,Action,No
The Innkeepers,Ti West,2011,6.86,Horror,No
The Safety of Objects,Rose Troche,2001,6.86,Drama,Yes
What Maisie Knew,Scott McGehee,2013,6.86,Drama,No
Body Heat,Lawrence Kasdan,1981,6.85,Romance,No
Brining Up Baby,Howard Hawks,1938,6.85,Classic,No
Conversations with Other Women,Hans Canosa,2006,6.85,Romance,No
Full Metal Jacket,Stanley Kubrick,1987,6.85,War,No
Funny People,Judd Apatow,2009,6.85,Comedy,No
"Girl, Interrupted",James Mangold,1999,6.85,Drama,No
"He Loves Me, He Loves Me Not",Laetitia Colombani,2002,6.85,Foreign,No
Sweeney Todd,Tim Burton,2007,6.85,Horror,No
The Brothers Bloom,Rian Johnson,2008,6.85,Action,No
The Damned United,Tom Hooper,2008,6.85,Sports,No
The Edukators,Hans Weingartner,2005,6.85,Foreign,No
The Good Girl,Miguel Arteta,2002,6.85,Romance,No
The Sure Thing,Rob Reiner,1985,6.85,Comedy,No
Tie Me Up! Tie Me Down!,Pedro Almodovar,1990,6.85,Foreign,No
Two Women,Vittorio De Sica,1960,6.85,Foreign,No
Valhalla Rising,Nicolas Winding Refn,2009,6.85,Fantasy,No
Graceland,Ron Morales,2012,6.84,Foreign,No
Heart of Darkness,George Hickenlooper,1991,6.84,Documentary,No
Hour of the Wolf,Ingmar Bergman,1968,6.84,Horror,No
How I Live Now,Kevin MacDonald,2013,6.84,Drama,No
May,Lucky McKee,2003,6.84,Horror,No
Midnight Run,Martin Brest,1988,6.84,Action,No
ParaNorman,Chris Butler,2012,6.84,Family,No
Rashomon,Akira Kurosawa,1950,6.84,Foreign,No
The Adventures of Tintin,Steven Spielberg,2011,6.84,Family,No
The Illusionist,Sylvain Chomet,2010,6.84,Family,No
Greenberg,Noah Baumback,2009,6.83,Independent,No
Maria Full of Grace,Joshua Marston,2004,6.83,Foreign,No
Notes on a Scandal,Richard Eyre,2006,6.83,Drama,No
Oblivion,Joseph Kosinski,2013,6.83,Sci-Fi,No
Starbuck,Ken Scott,2011,6.83,Foreign,No
Stranger than Paradise,Jim Jarmusch,1984,6.83,Independent,No
The Odd Couple,Gene Saks,1969,6.83,Comedy,No
A Tale of Two Sisters,Ji-woon Kim,2004,6.82,Foreign,No
American Graffiti,George Lucas,1973,6.82,Comedy,No
Barry Lyndon,Stanley Kubrick,1975,6.82,Drama,No
Cronos,Guillermo del Toro,1993,6.82,Foreign,No
Local Hero,Bill Forsyth,1983,6.82,Comedy,No
Out of the Furnace,Scott Cooper,2013,6.82,Drama,No
Ponyo,Hayao Miyazaki,2008,6.82,Family,No
Psycho (1960),Alfred Hitchcock,1960,6.82,Horror,No
The Do-Deca-Pentathlon,Jay and Mark Duplass,2012,6.82,Independent,No
X-Men,Bryan Singer,2000,6.82,Action,No
Inland Empire,David Lynch,2006,6.81,Thriller,No
Julia,Erick Zonca,2008,6.81,Thriller,No
City Slickers,Ron Underwood,1991,6.80,Comedy,No
Drag Me to Hell,Sam Raimi,2009,6.80,Horror,No
Funny Ha Ha,Andrew Bujalski,2005,6.80,Independent,No
Lawn Dogs,John Duigan,1997,6.80,Drama,No
Mrs. Doubtfire,Chris Columbus,1993,6.80,Comedy,No
The Amazing Spider-Man 2,Marc Webb,2014,6.80,Action,No
Trollhunter,André Øvredal,2010,6.80,Foreign,No
Veronica Mars,Rob Thomas,2014,6.80,Comedy,No
What Ever Happened to Baby Jane?,Robert Aldrich,1962,6.80,Thriller,No
A Bug's Life,Andrew Stanton,1998,6.79,Family,No
Breach,Billy Ray,2007,6.79,Thriller,No
Doc of the Dead,Alexandre O. Philippe,2014,6.79,Documentary,No
It's a Wonderful Life,Frank Capra,1946,6.79,Classic,No
Sympathy for Mr. Vengence,Chan-wook Park,2002,6.79,Foreign,No
The Exterminating Angel,Luis Bunuel,1962,6.79,Foreign,No
Grizzly Man,Werner Herzog,2005,6.78,Documentary,No
M,Fritz Lang,1931,6.78,Classic,No
MASH,Robert Altman,1970,6.78,Comedy,No
Oculus,Mike Flanagan,2014,6.78,Horror,No
Pee-Wee's Big Adventure,Tim Burton,1985,6.78,Comedy,No
Serpico,Sidney Lumet,1973,6.78,Action,No
Session 9,Brad Anderson,2001,6.78,Horror,No
The Kite Runner,Marc Foster,2007,6.78,Drama,No
The Last of the Mohicans,Michael Mann,1992,6.78,Action,No
The Story of Luke,Alonso Mayo,2012,6.78,Independent,No
Women on the Verge of a Nervous Breakdown,Pedro Almodovar,1988,6.78,Foreign,No
A Single Man,Tom Ford,2009,6.77,Drama,No
Bad Milo!,Jacob Vaughan,2013,6.77,Horror,No
Donnie Brasco,Mike Newell,1997,6.77,Thriller,No
Girlfight,Karyn Kusama,2000,6.77,Sports,No
Hesher,Spencer Susser,2010,6.77,Comedy,No
Kissing Jessica Stein,Charles Herman-Wurmfeld,2001,6.77,Independent,No
Minority Report,Steven Spielberg,2002,6.77,Sci-Fi,No
October Sky,Joe Johnston,1999,6.77,Family,No
Paranormal Activity 3,Henry Joost,2011,6.77,Horror,No
So I Married an Axe Murderer,Thomas Schlamme,1993,6.77,Comedy,No
Sweet and Lowdown,Woody Allen,1999,6.77,Drama,No
The Escapist,Rupert Wyatt,2008,6.77,Thriller,No
A Midsummer Night's Sex Comedy,Woody Allen,1982,6.76,Comedy,No
Dead Alive,Peter Jackson,1992,6.76,Horror,No
Knife in the Water,Roman Polanski,1962,6.76,Thriller,No
Midnight Express,Alan Parker,1978,6.76,Action,No
Monsters,Gareth Edwards,2010,6.76,Action,No
Ocean's Thirteen,Steven Soderberg,2007,6.76,Action,No
The Apostle,Robert Duvall,1997,6.76,Drama,No
Apollo 13,Ron Howard,1995,6.75,Drama,No
Awakenings,Penny Marshall,1990,6.75,Drama,No
Bubba Ho-Tep,Don Coscarelli,2003,6.75,Comedy,No
Citizen Kane,Orson Welles,1941,6.75,Classic,No
Clay Pigeons,David Dobkin,1998,6.75,Thriller,No
"Crazy, Stupid, Love.",Glenn Ficarra,2011,6.75,Romance,No
Far From Heaven,Todd Haynes,2002,6.75,Drama,No
I Give it a Year,Dan Mazer,2013,6.75,Romance,No
Mammoth,Lukas Moodysson,2009,6.75,Drama,No
Sleeper,Woody Allen,1973,6.75,Comedy,No
You've Got Mail,Nora Ephron,1998,6.75,Romance,No
Analyze This,Harold Ramis,1999,6.74,Comedy,No
Elvis & Anabelle,Will Geiger,2007,6.74,Romance,No
"Food, Inc.",Robert Kenner,2008,6.74,Documentary,No
Hercules,Ron Clements,1997,6.74,Family,No
Meet the Parents,Jay Roach,2000,6.74,Comedy,No
Perfume: The Story of a Murderer,Tom Tykwer,2006,6.74,Drama,No
Robot & Frank,Jake Schreier,2012,6.74,Independent,No
The Hunter,Daniel Nettheim,2011,6.74,Thriller,No
"Tinker, Tailor, Solider, Spy",Tomas Alfredson,2011,6.74,Thriller,No
"Crouching Tiger, Hidden Dragon",Ang Lee,2000,6.73,Action,No
Last Night,Don McKellar,1998,6.73,Independent,No
Life During Wartime,Todd Solondz,2009,6.73,Independent,No
Life Is Beautiful,Roberto Benigni,1997,6.73,Foreign,No
Lovely & Amazing,Nicole Holofcener,2002,6.73,Independent,Yes
Premium Rush,David Koepp,2012,6.73,Action,No
Raging Bull,Martin Scorsese,1980,6.73,Sports,No
Roger & Me,Michael Moore,1989,6.73,Documentary,No
Sisters,Brian de Palma,1973,6.73,Horror,No
The Wizard of Oz,Victor Fleming,1939,6.73,Classic,No
You're Next,Adam Wingard,2011,6.73,Horror,No
Bananas,Woody Allen,1971,6.72,Comedy,No
Cold Souls,Vincent Gallo,2008,6.72,Sci-Fi,No
Fanny and Alexander,Ingmar Bergman,1982,6.72,Foreign,No
"Jeff, Who Lives at Home",Jay and Mark Duplass,2011,6.72,Independent,No
Kill Your Darlings,John Krokidas,2013,6.72,Thriller,No
The Game,David Fincher,1997,6.72,Thriller,No
The Hangover,Todd Phillips,2009,6.72,Comedy,No
The Pervert's Guide to Ideology,Sophie Fiennes,2012,6.72,Documentary,No
Big Night,Stanley Tucci,1996,6.71,Drama,No
Grace Is Gone,James C. Strouse,2007,6.71,Drama,No
HappyThankYouMorePlease,Josh Radnor,2011,6.71,Independent,No
Hugo,Martin Scorsese,2011,6.71,Drama,No
Never Forever,Gina Kim,2007,6.71,Independent,No
"Run, Fat Boy, Run",David Schwimmer,2007,6.71,Comedy,No
Bad Grandpa,Jeff Tremaine,2013,6.70,Comedy,No
Birth of the Living Dead,Rob Kuhns,2013,6.70,Documentary,No
Casablanca,Michael Curtiz,1942,6.70,Classic,No
"I Love You, Man",John Hamburg,2009,6.70,Comedy,No
Bad Lieutenant,Abel Ferrara,1992,6.69,Drama,No
Milius,Joey Figueroa,2013,6.69,Documentary,No
Nashville,Robert Altman,1975,6.69,Drama,No
Rampart,Oren Moverman,2011,6.69,Drama,No
Rocket Science,Jeffrey Blitz,2007,6.69,Independent,No
Burning Man,Jonathan Teplitzky,2011,6.68,Drama,No
El Mariachi,Robert Rodriguez,1992,6.68,Action,No
Hot Tub Time Machine,Steve Pink,2010,6.68,Comedy,No
"I'm a Cyborg, but That's Ok",Chan-wook Park,2006,6.68,Foreign,No
Love Actually,Richard Curtis,2003,6.68,Romance,No
Morvern Callar,Lynne Ramsay,2002,6.68,Independent,No
World War Z,Marc Foster,2013,6.68,Action,No
35 Shots of Rum,Claire Denis,2007,6.67,Independent,No
Cyrus,Jay and Mark Duplass,2010,6.67,Comedy,No
Jules and Jim,François Truffaut,1962,6.67,Foreign,No
Paths of Glory,Stanley Kubrick,1957,6.67,War,No
Radio Days,Woody Allen,1987,6.67,Drama,No
Doubt,John Patrick Shanley,2008,6.66,Drama,No
Jug Face,Chad Crawford Kinkle,2013,6.66,Horror,No
Planet of the Apes (original),Franklin J. Schaffner,1968,6.65,Fantasy,No
Secondhand Lions,Tim McCanlies,2003,6.65,Family,No
Speak,Jessica Sharzer,2004,6.65,Independent,No
Trues Lies,James Cameron,1994,6.65,Sci-Fi,No
Defending Your Life,Albert Brooks,1991,6.64,Comedy,No
Precious: Based on the Novel by Sapphire,Lee Daniels,2009,6.64,Drama,No
Lebanon,Samuel Maoz,2009,6.63,Foreign,No
Mean Streets,Martin Scorsese,1973,6.63,Action,No
My Week with Marilyn,Simon Curtis,2011,6.63,Drama,No
Spider,David Cronenberg,2002,6.63,Thriller,No
Sweet Land,Ali Selim,2005,6.63,Independent,No
Fat Kid Rules the World,Matthew Lillard,2012,6.62,Independent,No
That Thing You Do!,Scott Teems,1996,6.62,Comedy,No
The Commitments,Alan Parker,1991,6.62,Drama,No
Liberal Arts,Josh Radnor,2012,6.61,Independent,No
SLC,James Merendino,1999,6.61,Independent,No
The Family Stone,Thomas Bezucha,2005,6.60,Drama,No
Chopper,Andrew Dominik,2000,6.59,Drama,No
Good Dick,Marianna Palka,2008,6.59,Independent,No
Metrpolitan,Whit Stillman,1990,6.59,Independent,No
Stolen Kisses,François Truffaut,1968,6.59,Foreign,No
The Campaign,Jay Roach,2012,6.59,Comedy,No
Cloudy with a Chance of Meatballs,Phil Lord,2009,6.58,Family,No
Five Easy Pieces,Bob Rafelson,1970,6.58,Drama,No
Hard Candy,David Slade,2005,6.58,Thriller,No
Heathers,Michael Lehman,1989,6.58,Comedy,No
Made,Jon Favreau,2001,6.58,Comedy,No
Me and Orson Welles,Richard Linklater,2008,6.58,Drama,No
Monster's Ball,Marc Foster,2001,6.58,Drama,No
Saw,James Wan,2004,6.58,Horror,No
Smoke,Wayne Wang,1995,6.58,Independent,No
The Last Samurai,Edward Zwick,2003,6.58,Action,No
The Namesake,Mira Nair,2006,6.58,Drama,No
This Boy's Life,Michael Caton-Jones,1993,6.58,Drama,No
Born on the Fourth of July,Oliver Stone,1989,6.57,War,No
Sleepy Hollow,Tim Burton,1999,6.57,Horror,No
Benny and Joon,Jeremiah S. Chechik,1993,6.56,Romance,No
Gallipoli,Peter Weir,1981,6.56,War,No
Schizopolis,Steven Soderberg,1996,6.56,Independent,No
There's Something About Mary,Bobby and Peter Farrelly,1998,6.56,Comedy,No
A Matter of Life and Death,Michael Powell,1946,6.55,Classic,No
Broadway Danny Rose,Woody Allen,1984,6.55,Comedy,No
Scanners,David Cronenberg,1980,6.55,Horror,No
Tape,Richard Linklater,2001,6.55,Independent,No
The Beaver,Jodie Foster,2011,6.55,Drama,No
The Foot Fist Way,Jody Hill,2006,6.55,Comedy,No
The Giant Mechanical Man,Lee Kirk,2012,6.55,Independent,No
The Hours,Stephen Daldry,2002,6.55,Drama,No
24 Hour Party People,Michael Winterbottom,2002,6.54,Independent,No
Brave,Mark Andrews,2012,6.54,Family,No
Cairo Time,Ruba Nadda,2009,6.54,Romance,No
Defendor,Peter Stebbings,2009,6.54,Action,No
Dogma,Kevin Smith,1999,6.54,Comedy,No
Everything You Wanted to Know About Sex,Woody Allen,1971,6.54,Comedy,No
Hook,Steven Spielberg,1991,6.54,Action,No
Kinsey,Bill Condon,2004,6.54,Drama,No
Me and You and Everyone We Know,Miranda July,2005,6.54,Independent,No
Middle of Nowhere,John Stockwell,2008,6.54,Independent,No
Mr. Nobody,Jaco van Dormael,2009,6.54,Sci-Fi,No
Old School,Todd Phillips,2003,6.54,Comedy,No
Popeye,Robert Altman,1980,6.54,Family,No
Surf's Up,Chris Buck,2007,6.54,Family,No
The Duellists,Ridley Scott,1977,6.54,Action,No
The Hudsucker Proxy,Joel and Ethan Coen,1994,6.54,Comedy,No
Ghost Town,David Koepp,2008,6.53,Comedy,No
Palindromes,Todd Solondz,2005,6.53,Independent,No
Pollock,Ed Harris,2000,6.53,Drama,No
Shakespeare in Love,John Madden,1998,6.53,Romance,No
Bloody Sunday,Paul Greengrass,2002,6.52,Drama,No
His Girl Friday,Howard Hawks,1940,6.52,Classic,No
Kind Hearts and Coronets,Robert Hamer,1949,6.52,Classic,No
Modern Romance,Albert Brooks,1981,6.52,Comedy,No
The Trouble with Harry,Alfred Hitchcock,1955,6.52,Comedy,No
Trust,David Schwimmer,2010,6.52,Drama,No
Red State,Kevin Smith,2011,6.51,Horror,No
Touch of Evil,Orson Welles,1958,6.51,Classic,No
Eyes Without a Face,Georges Franju,1960,6.50,Classic,No
The Adjustment Bureau,George Nolfi,2011,6.50,Sci-Fi,No
Valentin,Alejandro Agresti,2002,6.50,Foreign,No
Elephant,Gus Van Sant,2003,6.49,Independent,No
Everything Must Go,Dan Rush,2010,6.49,Drama,No
Green Street Hooligans,Lexi Alexander,2005,6.49,Sports,No
I'm Reed Fish,Zackary Adler,2007,6.49,Independent,No
My Big Fat Greek Wedding,Joel Zwick,2002,6.49,Comedy,No
Moonstruck,Norman Jewison,1987,6.48,Romance,No
Spring Breakers,Harmony Korine,2013,6.48,Independent,No
Computer Chess,Andrew Bujalski,2013,6.47,Independent,No
Harry Potter and the Sorcerer's Stone,Chris Columbus,2001,6.47,Fantasy,No
Secretary,Steven Shainberg,2002,6.47,Comedy,No
Syriana,Stephen Gaghan,2005,6.47,Thriller,No
The Notebook,Nick Cassavetes,2004,6.47,Romance,No
Weekend,Andrew Haigh,2011,6.47,Independent,No
Everything is Illuminated,Liev Schreiber,2005,6.46,Drama,No
The Crazies,Breck Eisner,2010,6.46,Horror,No
The Talented Mr. Ripley,Anthony Minghella,1999,6.46,Thriller,No
Beetlejuice,Tim Burton,1988,6.45,Horror,No
Belle De Jour,Luis Bunuel,1967,6.45,Foreign,No
Ghost,Jerry Zucker,1990,6.45,Romance,No
Harry Potter and the Order of the Phoenix,David Yates,2007,6.45,Fantasy,No
Shadows,John Cassavetes,1959,6.45,Classic,No
The Girlfriend Experience,Steven Soderberg,2009,6.45,Independent,No
Disconnect,Henry Alex Rubin,2012,6.44,Drama,No
Shadow of the Vampire,E. Elias Merhige,2000,6.44,Horror,No
Thor: The Dark World,Alan Taylor,2013,6.44,Action,No
Austin Powers in Goldmember,Jay Roach,2002,6.43,Comedy,No
Brothers,Jim Sheridan,2009,6.43,Drama,No
Capatin America: The First Avenger,Joe Johnston,2011,6.43,Action,No
Cape Fear,Martin Scorsese,1991,6.43,Thriller,No
Dirty Harry,Don Siegel,1971,6.43,Action,No
Fallen Angels,Kar Wai Wong,1995,6.43,Foreign,No
Hard Boiled,John Woo,1992,6.43,Foreign,No
Joan Rivers: A Piece of Work,Ricki Stern,2010,6.43,Documentary,No
Short Circuit,John Badham,1986,6.43,Family,No
The Fly,David Cronenberg,1986,6.43,Horror,No
The Pursuit of Happyness,Gabriele Muccino,2006,6.43,Drama,No
The Road to Guantanamo,Michael Winterbottom,2006,6.43,Independent,No
Humpday,Lynn Shelton,2009,6.42,Independent,No
Teenage,Matt Wolf,2014,6.42,Documentary,No
The Rum Diary,Bruce Robinson,2011,6.42,Comedy,No
C.O.G.,Kyle Patrick Alvarez,2013,6.41,Independent,No
Howl,Rob Epstein,2010,6.41,Drama,No
Paul,Greg Mottola,2011,6.41,Comedy,No
The Frighteners,Peter Jackson,1986,6.41,Horror,No
The Mission,Roland Joffé,1986,6.41,Action,Yes
Wedding Crashers,David Dobkin,2005,6.40,Comedy,No
Murder by Death,Robert Moore,1976,6.39,Comedy,No
How to Kill Your Neighbor's Dog,Michael Kalesniko,2001,6.38,Comedy,No
King of California,Mike Cahill,2007,6.38,Independent,No
Leaves of Grass,Tim Blake Nelson,2009,6.38,Comedy,No
Night of the Living Dead,George A. Romero,1968,6.38,Horror,No
Obselidia,Diane Bell,2010,6.38,Independent,No
Panic,Henry Bromell,2000,6.38,Thriller,No
Prisoners,Denis Villeneuve,2013,6.38,Drama,No
Slums of Beverly Hills,Tamara Jenkins,1998,6.38,Comedy,No
Crash (DC),David Cronenberg,1996,6.37,Thriller,No
Ink,Jamin Winans,2009,6.37,Sci-Fi,No
The Innocents,Jack Clayton,1961,6.37,Classic,No
We Don't Live Here Anymore,John J. Curran,2004,6.36,Independent,No
Friday Night Lights,Peter Berg,2004,6.35,Sports,No
Home Alone,Chris Columbus,1988,6.35,Family,No
Insidious,James Wan,2011,6.35,Horror,No
The Mist,Frank Darabont,2007,6.35,Horror,No
Billy Elliot,Stephen Daldry,2000,6.34,Drama,No
Charade,Stanley Donen,1963,6.34,Thriller,No
Chasing Amy,Kevin Smith,1997,6.34,Comedy,No
Harry Potter and the Half-Blood Prince,David Yates,2009,6.34,Fantasy,No
Quantum of Solace,Marc Foster,2008,6.34,Action,No
A Few Good Men,Rob Reiner,1992,6.33,Drama,No
Batman Returns,Tim Burton,1992,6.33,Action,No
Exporting Raymond,Philip Rosenthal,2010,6.33,Documentary,No
Hero,Yimou Zhang,2002,6.33,Foreign,No
The Last Exorcism,Daniel Stamm,2010,6.33,Horror,No
Eight Men Out,John Sayles,1988,6.32,Sports,No
Killer's Kiss,Stanley Kubrick,1955,6.32,Thriller,No
My Left Foot,Jim Sheridan,1989,6.32,Drama,No
Paranoid Park,Gus Van Sant,2007,6.32,Independent,No
Passion of Anna,Ingmar Bergman,1969,6.32,Foreign,No
Spaceballs,Mel Brooks,1987,6.32,Comedy,Yes
The Discreet Charm of the Bourgeoisie,Luis Bunuel,1972,6.32,Foreign,No
The Future,Miranda July,2011,6.32,Independent,No
The Little Mermaid,Ron Clements,1989,6.32,Family,No
The Squid and the Whale,Noah Baumback,2005,6.32,Independent,No
Thirteen Days,Roger Donaldson,2000,6.32,Drama,No
White Material,Claire Denis,2009,6.32,Independent,No
Amarcord,Federico Fellini,1974,6.31,Foreign,No
Eraserhead,David Lynch,1976,6.31,Independent,No
Hannah Takes the Stairs,Joe Swanberg,2007,6.31,Independent,No
My Dinner with Andre,Louis Malle,1981,6.31,Drama,No
The Last Kiss,Tony Goldwyn,2006,6.31,Romance,No
The Lost World: Jurassic Park,Steven Spielberg,1997,6.31,Action,No
Wish You Were Here,Kieran Darcy-Smith,2012,6.31,Drama,No
Lucky Number Slevin,Paul McGuigan,2006,6.30,Action,No
Zero Effect,Jake Kasdan,1998,6.30,Thriller,No
Adult World,Scott Coffey,2014,6.29,Independent,No
Extract,Mike Judge,2009,6.28,Comedy,No
The Killer Inside Men,Michael Winterbottom,2010,6.28,Thriller,Yes
Highball,Noah Baumback,1997,6.27,Independent,No
Jesus' Son,Alison MacLean,1999,6.27,Independent,No
Mean Girls,Mark S. Waters,2004,6.27,Comedy,No
Smiles of a Summer Night,Ingmar Bergman,1955,6.27,Foreign,No
The Fugitive,Andrew Davis,1993,6.27,Action,No
GoldenEye,Martin Campbell,1995,6.26,Action,No
Hearts in Atlantis,Scott Hicks,2001,6.25,Drama,No
3 Women,Robert Altman,1977,6.24,Drama,No
Bullets Over Broadway,Woody Allen,1994,6.24,Comedy,No
Silent House,Chris Kentis,2011,6.24,Horror,No
Take Me Home,Sam Jaeger,2011,6.24,Drama,No
Adoration,Atom Egoyan,2007,6.23,Drama,No
Catch-22,Mike Nichols,1970,6.23,War,No
Chocolat,Lasse Hallstrom,2000,6.23,Romance,No
Defiance,Edward Zwick,2008,6.23,War,No
Dial M for Murder,Alfred Hitchcock,1954,6.23,Classic,No
In the Name of the Father,Jim Sheridan,1993,6.23,Drama,No
My Own Private Idaho,Gus Van Sant,1991,6.23,Independent,No
Singin' in the Rain,Stanley Donen,1952,6.23,Classic,No
Splash,Ron Howard,1984,6.23,Romance,No
The House of the Dead,Ti West,2009,6.23,Horror,No
The Majestic,Frank Darabont,2001,6.23,Drama,Yes
The Wackness,Jonathan Levine,2008,6.23,Independent,No
Harry Potter and the Chamber of Secrets,Chris Columbus,2002,6.22,Fantasy,No
The Elephant Man,David Lynch,1980,6.22,Drama,No
A Life Less Ordinary,Danny Boyle,1997,6.21,Comedy,No
Cannibal! The Musical,Trey Parker,1996,6.21,Comedy,No
Death at a Funeral,Frank Oz,2007,6.21,Comedy,No
"Happy, Texas",Mark Illsley,1999,6.21,Comedy,No
I Love You Phillip Morris,Glenn Ficarra,2009,6.21,Romance,No
Intolerable Cruelty,Joel and Ethan Coen,2003,6.21,Comedy,No
Metropolis,Fritz Lang,1927,6.21,Classic,No
Mission: Impossible,Brian de Palma,1996,6.21,Action,No
Quiz Show,Robert Redford,1994,6.21,Drama,No
Rat Race,Jerry Zucker,2001,6.21,Comedy,No
Stardust,Matthew Vaughn,2007,6.21,Fantasy,No
The Jerk,Carl Reiner,1979,6.21,Comedy,No
Three Kings,David O. Russell,1999,6.21,War,No
Bad Words,Jason Bateman,2014,6.20,Comedy,No
Cloudy with a Chance of Meatballs 2,Cody Cameron,2013,6.20,Family,No
Harvey,Henry Koster,1950,6.20,Classic,No
Rain Man,Berry Levinson,1988,6.20,Drama,No
Charlie Bartlett,Jon Poll,2007,6.19,Comedy,No
"For a Good Time, Call",Jamie Travis,2012,6.19,Comedy,No
To the Wonder,Terrence Malick,2013,6.19,Drama,No
1408,Mikael Hafstrom,2007,6.18,Horror,No
Prometheus,Ridley Scott,2012,6.18,Sci-Fi,No
Slaughterhouse-Five,George Roy Hill,1972,6.18,War,No
The Girl who Played With Fire,Daniel Alfredson,2009,6.17,Foreign,No
Thelma & Loouise,Ridley Scott,1991,6.17,Thriller,No
Halloween,John Carpenter,1978,6.16,Horror,No
Open Water,Chris Kentis,2004,6.16,Thriller,No
Saved!,Brian Dannelly,2004,6.15,Comedy,No
300,Zack Snyder,2007,6.14,Action,No
The Savages,Tamara Jenkins,2007,6.14,Drama,No
Enemy of the State,Tony Scott,1998,6.13,Action,No
Human Nature,Michel Gondry,2001,6.13,Comedy,No
Ocean's Twelve,Steven Soderberg,2004,6.13,Action,No
Melancholia,Lars von Trier,2011,6.12,Drama,No
Here,Braden King,2011,6.11,Drama,No
Newlyweds,Edward Burns,2011,6.11,Independent,No
Strangers on a Train,Alfred Hitchcock,1951,6.11,Classic,No
Carnal Knowledge,Mike Nichols,1971,6.10,Romance,No
Lost Highway,David Lynch,1997,6.10,Thriller,No
Outsourced,John Jeffcoat,2006,6.09,Comedy,No
Putty Hill,Matthew Porterfield,2010,6.07,Independent,No
Enter the Void,Gaspar Noe,2009,6.05,Foreign,No
Public Enemies,Michael Mann,2009,6.05,Action,No
The Cell,Tarsem Singh,2000,6.05,Thriller,No
The Naked City,Jules Dassin,1948,6.05,Classic,No
A Million Ways to Die in the West,Seth McFarlane,2014,6.04,Western,No
A.C.O.D.,Stu Zicherman,2013,6.04,Comedy,No
Berberian Sound Studio,Peter Strickland,2012,6.04,Thriller,No
High Noon,Fred Zinnemann,1952,6.04,Western,No
Jarhead,Sam Mendes,2005,6.04,War,No
Man Push Cart,Ramin Bahrani,2005,6.04,Independent,No
Melinda and Melinda,Woody Allen,2004,6.04,Drama,No
Nacho Libre,Jared Hess,2006,6.04,Sports,No
Antichrist,Lars von Trier,2009,6.03,Independent,No
Driving Lessons,Jeremy Brock,2006,6.03,Independent,No
Mallrats,Kevin Smith,1995,6.03,Comedy,No
Matador,Pedro Almodovar,1986,6.03,Foreign,No
Rumble Fish,Francis Ford Coppola,1983,6.03,Drama,No
Space Cowboys,Clint Eastwood,2000,6.03,Drama,No
The Boxer,Jim Sheridan,1997,6.03,Drama,No
The Kentucky Fried Movie,Jerry Zucker,1977,6.03,Comedy,No
The Mask of Zorro,Martin Campbell,1998,6.03,Action,No
The Matrix: Reloaded,Andy Wachowski,2003,6.03,Action,No
Zelig,Woody Allen,1983,6.03,comedy,No
Fast Times at Ridgemont High,Amy Heckerling,1982,6.02,Comedy,No
Frequency,Gregory Hoblit,2000,6.02,Sci-Fi,No
To Die For,Gus Van Sant,1995,6.02,Thriller,No
U.S. Marshals,Stuart Bairo,1998,6.02,Action,No
The Go-Getter,Martin Hynes,2007,6.01,Independent,No
Ramona and Beezus,Elizabeth Allen,2010,6.00,Family,No
Sons of Perdition,Tyler Measom,2010,5.99,Documentary,No
Calendar,Atom Egoyan,1993,5.98,Independent,No
Cemetery Junction,Ricky Gervais,2010,5.98,Drama,No
Grand Piano,Eugenio Mira,2013,5.98,Thriller,No
Holes,Andrew Davis,1993,5.98,Family,No
Craiglist Joe,Joseph Garner,2012,5.97,Documentary,No
Gosford Park,Robert Altman,2001,5.97,Drama,No
The Shipping News,Lasse Hallstrom,2001,5.97,Drama,No
Uncle Kent,Joe Swanberg,2011,5.97,Independent,No
Unhung Hero,Brian Spitz,2013,5.97,Documentary,No
Bruno,Larry Charles,2009,5.96,Comedy,No
"My Son, My Son, What Have Ye Done",Werner Herzog,2009,5.96,Drama,No
National Lampoon's Vacation,Harold Ramis,1983,5.94,Comedy,No
Brief Interviews with Hideous Men,John Krasinski,2009,5.93,Independent,No
Evolution,Ivan Reitman,2001,5.93,Sci-Fi,No
Gerry,Gus Van Sant,2002,5.93,Independent,No
The Brother From Another Planet,John Sayles,1984,5.93,Sci-Fi,No
Whatever Works,Woody Allen,2009,5.93,Comedy,No
Carrie,Brian de Palma,1976,5.92,Horror,No
Glory,Edward Zwick,1989,5.92,War,No
Alphaville,Jean-Luc Goddard,1965,5.91,Foreign,No
Observe and Report,Jody Hill,2009,5.91,Comedy,No
The Birds,Alfred Hitchcock,1963,5.91,Horror,No
Friends with Kids,Jennifer Westfeldt,2011,5.88,Romance,No
"Honey, I Shrunk the Kids",Joe Johnston,1989,5.88,Family,No
Hunger,Steve McQueen,2008,5.88,Independent,No
Idiocracy,Mike Judge,2006,5.88,Comedy,No
Madagascar,Eric Darnell,2005,5.88,Family,No
The Bling Room,Sofia Coppola,2013,5.88,Independent,No
4:44: Last Day on Earth,Abel Ferrara,2011,5.87,Independent,No
A Dangerous Method,David Cronenberg,2011,5.87,Drama,No
Almost Heroes,Christopher Guest,1998,5.87,Comedy,No
Art School Confidential,Terry Zwigoff,2006,5.87,Independent,No
Bubble,Steven Soderberg,2006,5.87,Independent,No
Close Encounters of the Third King,Steven Spielberg,1977,5.87,Sci-Fi,No
Déjà Vu,Tony Scott,2006,5.87,Action,No
Driving Miss Daisy,Bruce Beresford,1989,5.87,Family,No
First Knight,Jerry Zucker,1995,5.87,Action,No
From Dusk Till Dawn,Robert Rodriguez,1996,5.87,Horror,No
Lords of Dogtown,Catherine Hardwicke,2005,5.87,Drama,No
Margot at the Weeding,Noah Baumback,2007,5.87,Drama,No
Millions,Danny Boyle,2004,5.87,Drama,No
Notting Hill,Roger Michell,1999,5.87,Romance,No
Please Give,Nicole Holofcener,2010,5.87,Independent,No
Rise of the Planet of the Apes,Rupert Wyatt,2011,5.87,Sci-Fi,No
Super,James Gunn,2011,5.87,Comedy,No
The Box,Richard Kelly,2009,5.87,Thriller,No
The Brothers Grimm,Terry Gilliam,2005,5.87,Action,No
The Gift,Sam Raimi,2000,5.87,Thriller,No
The Hunger Games,Gary Ross,2012,5.87,Action,No
The Hunted,William Friedkin,2003,5.87,Action,No
The International,Tom Tykwer,2009,5.87,Thriller,No
"The Lion, the Witch & the Wardrobe",Andrew Adamson,2005,5.87,Family,No
A Lot Like Love,Nigel Cole,2005,5.86,Romance,No
Coffee and Cigarettes,Jim Jarmusch,2003,5.86,Independent,No
Natural Born Killers,Oliver Stone,1994,5.86,Action,No
What Lies Beneath,Robert Zemeckis,2000,5.86,Thriller,No
Cloverfield,Matt Reeves,2007,5.85,Horror,No
Sherlock Holmes: A Game of Shadows,Guy Ritchie,2011,5.84,Action,No
Uncle Buck,John Hughes,1989,5.83,Comedy,No
Tron: Legacy,Joseph Kosinski,2010,5.81,Sci-Fi,No
Good Neighbors,Jacob Tierney,2010,5.80,Thriller,No
"Six Days, Seven Nights",Ivan Reitman,1998,5.80,Comedy,No
The Den,Zachary Donohue,2013,5.80,Horror,No
Alone With Her,Eric Nicholas,2006,5.79,Thriller,No
Down to the Bone,Debra Granik,2004,5.79,Independent,No
Identity Thief,Seth Gordon,2013,5.79,Comedy,No
Rebecca,Alfred Hitchcock,1940,5.79,Classic,No
Scarface,Brian de Palma,1983,5.79,Action,No
The Guilt Trip,Anne Fletcher,2012,5.79,Comedy,No
Patch Adams,Tom Shadyac,1998,5.78,Comedy,No
Cleanflix,Andrew James,2009,5.77,Documentary,No
Don't Be Afraid of the Dark,Troy Nixey,2011,5.77,Horror,No
Tremors,Ron Underwood,1990,5.77,Horror,No
Walk the Line,James Mangold,2005,5.77,Drama,No
K-19: The Widowmaker,Kathryn Bigelow,2002,5.76,Thriller,No
Master and Commander,Peter Weir,2003,5.76,Action,No
The Soloist,Joe Wright,2009,5.76,Drama,No
Windtalkers,John Woo,2002,5.76,War,No
Kaboom,Gregg Araki,2010,5.75,Comedy,No
Wild at Heart,David Lynch,1990,5.75,thriller,No
King Arthurt,Antoine Fuqua,2004,5.74,Action,No
Ferris Bueller's Day Off,John Hughes,1986,5.73,Comedy,No
Lady in the Water,M. Night Shyamalan,2006,5.72,Thriller,No
The Big Sleep,Howard Hawks,1946,5.72,Classic,No
To Rome with Love,Woody Allen,2012,5.72,Comedy,No
Peggy Sue Got Married,Francis Ford Coppola,1986,5.69,Romance,No
Cold Weather,Aaron Katz,2010,5.68,Independent,No
Interiors,Woody Allen,1978,5.68,Drama,No
Mansome,Morgan Spurlock,2012,5.68,Documentary,No
Beowulf,Robert Zemeckis,2007,5.67,Action,No
Liar Liar,Tom Shadyac,1997,5.67,Comedy,No
Mister Foe,David Mackenzie,2007,5.67,Independent,No
Mona Lisa Smile,Mike Newell,2003,5.67,Drama,No
Shame,Steve McQueen,2011,5.67,Drama,No
The Comedy,R. Alverson,2012,5.67,Comedy,No
The Da Vinci Code,Ron Howard,2006,5.67,Thriller,No
The Missing,Ron Howard,2003,5.67,Action,No
You Kill Me,John Dahl,2007,5.66,Comedy,No
Morning Glory,Roger Michell,2010,5.64,Comedy,No
The English Patient,Anthony Minghella,1996,5.64,Romance,No
Reality Bites,Ben Stiller,1994,5.63,Romance,No
The Woman in Black,James Watkins,2012,5.63,Horror,No
Everyone Says I Love You,Woody Allen,1996,5.62,Romance,No
The Rocketeer,Joe Johnston,1991,5.59,Action,No
For Your Consideration,Christopher Guest,2006,5.56,Comedy,No
Bad News Bears,Richard Linklater,2005,5.55,Comedy,No
Finding Forrester,Gus Van Sant,2000,5.55,Drama,No
John Q,Nick Cassavetes,2002,5.54,Drama,No
Who's That Knocking at My Door?,Martin Scorsese,1967,5.54,Drama,No
Platoon,Oliver Stone,1986,5.52,War,No
Wet Hot American Summer,David Wain,2001,5.52,Comedy,No
A Good Old Fashioned Orgy,Alex Gregory,2011,5.50,Comedy,No
Funny Farm,George Roy Hill,1988,5.50,Comedy,No
Tommy Boy,Peter Segal,1995,5.50,Comedy,No
30 for 30: The Dotted Line,Morgan Spurlock,2011,5.49,Documentary,No
Butter,Jim Field Smith,2011,5.48,Comedy,No
They Live,John Carpenter,1988,5.48,Horror,No
Today's Special,David Kaplan,2009,5.48,Independent,No
The Men Who Stare at Goats,Grant Heslov,2009,5.47,Drama,No
Hellbound?,Kevin Miller,2012,5.45,Documentary,No
The Ref,Ted Demme,1994,5.45,Comedy,No
Insidious: Chapter 2,james wan,2013,5.44,Horror,No
Cosmopolis,David Cronenberg,2012,5.43,Drama,No
Get Smart,Peter Segal,2008,5.43,Comedy,No
In & Out,Frank Oz,1997,5.43,Comedy,No
Interview with the Vampire,Neil Jordan,1994,5.43,Horror,No
Muriel's Wedding,PJ Hogan,1994,5.43,Comedy,No
The Color Purple,Steven Spielberg,1985,5.43,Drama,No
The Ides of March,George Clooney,2011,5.43,Drama,No
The Legend of Bagger Vance,Robert Redford,2000,5.43,Drama,No
The Other F Word,Andrea Blaugrund,2011,5.43,Documentary,No
Damsels in Distress,Whit Stillman,2011,5.42,Comedy,No
Flags of Our Fathers,Clint Eastwood,2006,5.42,War,No
Mala Noche,Gus Van Sant,1985,5.41,Independent,No
Jennifer's Body,karyn Kusama,2009,5.40,Horror,No
Bandits,Berry Levinson,2001,5.39,Action,No
The Ring,Gore Verbinski,2002,5.39,Horror,No
Kids,Jacques Audiard,1995,5.38,Independent,No
The Dish & the Spoon,Alison Bagnall,2011,5.38,Romance,No
The Doors,Oliver Stone,1991,5.38,Drama,No
Carrie (2013),Kimberly Pierce,2013,5.37,Horror,No
Paranormal Activity 4,Henry Joost,2012,5.37,Horror,No
The Perfect Host,Nick Tomnay,2010,5.37,Thriller,No
Prince of Persia: The Sands of Time,Mike Newell,2010,5.35,Action,No
Broken Flowers,Jim Jarmusch,2005,5.34,Independent,No
Butterfly Kiss,Michael Winterbottom,1995,5.34,Thriller,No
Death Becomes Her,Robert Zemeckis,1992,5.34,Comedy,No
Faces,John Cassavetes,1968,5.34,Independent,No
The Birdcage,Mike Nichols,1996,5.34,Comedy,No
Flirting with Disaster,David O. Russell,1996,5.32,Comedy,No
Hart's War,Gregory Hoblit,2002,5.32,War,No
Hidalgo,Joe Johnston,2004,5.32,Action,No
Green Zone,Paul Greengrass,2009,5.31,War,No
Man of Steel,Zack Snyder,2013,5.31,Action,No
Superman Returns,Bryan Singer,2006,5.31,Action,No
Mysterious Skin,Gregg Araki,2004,5.30,Drama,No
Predators,Nimród Antal,2010,5.30,Action,No
The Shape of Things,Neil LaBute,2003,5.27,Comedy,No
Anger Management,Peter Segal,2003,5.25,Comedy,No
Dead Men Dont' Wear Plaid,Carl Reiner,1982,5.23,Comedy,No
Hannibal,Ridley Scott,2001,5.23,Thriller,No
Man of the Year,Berry Levinson,2006,5.23,Comedy,No
Re-Animator,Stuart Gordon,1985,5.23,Horror,No
Small Time Crooks,Woody Allen,2000,5.23,Comedy,No
The Dead Girl,Karen Moncrieff,2006,5.23,Drama,No
The Ten,David Wain,2006,5.23,Comedy,No
Bram Stoker's Dracula,Francis Ford Coppola,1992,5.22,Horror,No
eXistenZ,David Cronenberg,1999,5.22,Thriller,No
Hereafter,Clint Eastwood,2010,5.22,Sci-Fi,No
Appaloosa,Ed Harris,2008,5.21,Western,No
"What's Up, Tiger Lily?",Woody Allen,1966,5.21,Comedy,No
How to Be a Man,Chadd Harbold,2013,5.20,Comedy,No
Twin Peaks: Fire Walk With Me,David Lynch,1992,5.18,Thriller,No
Along Came Polly,John Hamburg,2004,5.14,Comedy,No
Afternoon Delight,Jill Soloway,2013,5.13,Independent,No
Changeling,Clint Eastwood,2008,5.12,Thriller,No
"Mysery, Alaska",Jay Roach,1999,5.12,Sports,No
The River Wild,Curtis Hanson,1994,5.12,Thriller,No
Robin Hood,Ridley Scott,2010,5.11,Action,No
Rope,Alfred Hitchcock,1948,5.08,Classic,No
Identity,James Mangold,2003,5.05,Thriller,No
Stepmom,Chris Columbus,1998,5.05,Drama,No
Gummo,Harmony Korine,1997,5.04,Independent,No
How to Lose Friends & Alienate People,Robert B. Weide,2008,5.04,Comedy,No
The Winning Season,James C. Strouse,2009,5.04,Drama,No
Another Stakeout,John Badham,1993,5.03,Action,No
Little Birds,Elgin James,2011,5.03,Independent,No
Ransom,Ron Howard,1996,5.03,Thriller,No
Star Wars: Episode III,George Lucas,2005,5.03,Action,No
War of the Worlds,Steven Spielberg,2005,5.03,Action,No
Deconstructing Harry,Woody Allen,1997,5.02,Comedy,No
Staurt Little,Rob Minkoff,1999,5.02,Family,No
The Manchurian Candidate,Jonathan Demme,2004,5.01,Drama,No
Best Man Down,Ted Koland,2013,4.99,Independent,No
Throw Momma from the Train,Danny Devito,1987,4.98,Comedy,No
Invictus,Clint Eastwood,2009,4.97,Sports,No
Spider-Man 3,Sam Raimi,2007,4.97,Action,No
The Great Gatsby,Baz Luhrmann,2013,4.97,Drama,No
The Lie,Joshua Leonard,2011,4.97,Independent,No
Year One,Harold Ramis,2009,4.97,Comedy,No
Jumanji,Joe Johnston,1995,4.96,Family,No
Oz the Great and Powerful,Sam Raimi,2013,4.96,Family,No
King Kong,Peter Jackson,2005,4.95,Action,No
Kick-Ass 2,Jeff Wadlow,2013,4.94,Action,No
Wendy and Lucy,Kelly Reichardt,2008,4.93,Independent,No
The 39 Steps,Alfred Hitchcock,1935,4.89,Classic,No
The Man with Two Brains,Carl Reiner,1983,4.89,Comedy,No
Alex and Emma,Rob Reiner,2003,4.87,Romance,No
Any Given Sunday,Oliver Stone,1999,4.87,Sports,No
Doc Hollywood,Michael Caton-Jones,1991,4.87,Comedy,No
Nick of Time,John Badham,1995,4.87,Thriller,No
Osmosis Jones,Bobby and Peter Farrelly,2001,4.87,Family,No
The Counselor,Ridley Scott,2013,4.87,Thriller,No
The Quick and the Dead,Sam Raimi,1995,4.87,Western,No
The Rundown,Peter Berg,2003,4.87,Action,No
The Landlord,Hal Ashby,1970,4.85,Comedy,No
Bicentennial Man,Chris Columbus,1999,4.84,Family,No
Gone in 60 Seconds,Dominic Sena,2000,4.83,Action,No
Pirates of the Carribean: Dead Man's Chest,Gore Verbinski,2006,4.82,Action,No
The Green Hornet,Michel Gondry,2011,4.82,Action,No
Closer,Mike Nichols,2004,4.80,Romance,No
I.Q.,Gene Saks,1994,4.77,Family,No
Contact,Robert Zemeckis,1997,4.76,Sci-Fi,No
Matilda,Danny Devito,1996,4.76,Family,No
Summer of Sam,Spike Lee,1999,4.76,Thriller,No
Tears of the Sun,Antoine Fuqua,2003,4.76,War,No
Charlie and the Chocolate Factory,Tim Burton,2005,4.74,Family,No
TiMER,Jac Schaeffer,2009,4.72,Romance,No
Starsky & Hutch,Todd Phillips,2004,4.71,Comedy,No
"I, Robot",Alex Proyas,2004,4.67,Action,No
Kate & Leopold,James Mangold,2001,4.67,Romance,No
Sabotage,Alfred Hitchcock,1936,4.67,Classic,No
Star Wars: Episode I,George Lucas,1999,4.67,Sci-Fi,No
Porky's,Bob Clark,1981,4.66,Comedy,No
Alice,Woody Allen,1990,4.56,Drama,No
Apocalypto,Mel Gibson,2006,4.56,Action,No
The Bucket List,Rob Reiner,2007,4.56,Drama,No
Meek's Cutoff,Kelly Reichardt,2011,4.53,Independent,No
Wyatt Earp,Lawrence Kasdan,1994,4.53,Western,No
Mission: Impossible II,John Woo,2000,4.52,Action,No
Home Alone 2: Lost in New York,Chris Columbus,1992,4.51,Family,No
Indiana Jones/Kingdom of the Crystal Skull,Steven Spielberg,2008,4.51,Action,No
THX 1138,George Lucas,1971,4.51,Sci-Fi,No
Immortals,Tarsem Singh,2011,4.46,Action,No
Smokin' Aces,Joe Carnahan,2006,4.45,Action,No
The Hangover Part III,Todd Phillips,2013,4.44,Comedy,No
The Thing,John Carpenter,1982,4.43,Horror,No
Gentlemen Broncos,Jared Hess,2009,4.40,Comedy,No
Secret Window,David Koepp,2004,4.38,Thriller,No
The Ladykillers,Joel and Ethan Coen,2004,4.38,Comedy,No
Empire of the Sun,Steven Spielberg,1987,4.37,War,No
Seabiscuit,Gary Ross,2003,4.36,Drama,No
The Brave One,Neil Jordan,2007,4.36,Thriller,No
The Matrix Revolutions,Andy Wachowski,2003,4.33,Action,No
Old Joy,Kelly Reichardt,2006,4.32,Independent,No
Shadows and Fog,Woody Allen,1992,4.32,Comedy,No
The Crow,Alex Proyas,1994,4.32,Thriller,No
The Nutty Professor,Tom Shadyac,1996,4.32,Comedy,No
Mouse Hunt,Gore Verbinski,1997,4.31,Family,No
Pirates of the Caribbean: Stranger Tides,Rob Marshall,2011,4.31,Action,No
The Fan,Tony Scott,1996,4.31,Thriller,No
World Trade Center,Oliver Stone,2006,4.31,Drama,No
Jack the Giant Slayer,Bryan Singer,2013,4.29,Action,No
Solaris,Steven Soderberg,2002,4.23,Sci-Fi,No
Due Date,Todd Phillips,2010,4.22,Comedy,No
Face/Off,John Woo,1997,4.22,Action,No
Dante's Peak,Roger Donaldson,1997,4.21,Action,No
Scoop,Woody Allen,2006,4.20,Comedy,No
Sixteen Candles,John Hughes,1984,4.19,Romance,No
The To Do List,Maggie Carey,2013,4.17,Comedy,No
The Wolfman,Joe Johnston,2010,4.12,Horror,No
All Good Things,Andrew Jarecki,2010,4.05,Thriller,No
Kingdom of Heaven,Ridley Scott,2005,4.04,Action,No
Your Highness,David Gordon Green,2011,4.04,Comedy,No
Gothika,Mathieu Kassovitz,2003,4.03,Thriller,No
The Man Who Knew Too Much,Alfred Hitchcock,1934,4.03,Classic,No
The Nines,John August,2007,4.03,Sci-Fi,No
Analyze That,Harold Ramis,2002,4.01,Comedy,No
Detachment,Tony Kaye,2011,3.97,Drama,No
Escape from Tomorrow,Randy Moore,2013,3.93,Independent,No
The Fifth Element,Luc Besson,1997,3.92,Action,No
Jurassic Park III,Joe Johnston,2001,3.91,Action,No
A History of Violence,David Cronenberg,2005,3.87,Thriller,No
On the Road,Walter Salles,2012,3.87,Drama,No
Pirates of the Carribean: At World's End,Gore Verbinski,2007,3.87,Action,No
The Longest Yard,Peter Segal,2005,3.87,Sports,No
Dirty Girl,Abe Sylvia,2010,3.86,Independent,No
Mission to Mars,Brian de Palma,2000,3.85,Sci-Fi,No
The Hangover: Part II,Todd Phillips,2011,3.83,Comedy,No
Planet of the Apes,Tim Burton,2001,3.77,Action,No
Shallow Hal,Bobby and Peter Farrelly,2001,3.77,Comedy,No
The Pagemaster,Joe Johnston,1994,3.77,Family,No
Vertical Limit,Martin Campbell,2000,3.77,Action,No
Dennis the Menace,John Hughes,1993,3.76,Family,No
The Sleeping Beauty,Catherine Breillat,2010,3.76,Foreign,No
My Best Friend's Wedding,PJ Hogan,1997,3.66,Romance,No
Bedazzled,Harold Ramis,2000,3.65,Comedy,No
Here Comes the Boom,Frank Coraci,2012,3.63,Family,No
Jersey Girl,Kevin Smith,2004,3.51,Romance,No
Steel Magnolias,Herbert Ross,1989,3.48,Drama,No
Angels & Demons,Ron Howard,2009,3.47,Thriller,No
Cold Mountain,Anthony Minghella,2003,3.45,Romance,No
Lakeview Terrace,Neil LaBute,2008,3.45,Thriller,No
Memoirs of a Geisha,Rob Marshall,2005,3.45,Drama,No
Ali,Michael Mann,2001,3.44,Drama,No
History of the World: Part 1,Mel Brooks,1981,3.42,Comedy,No
Now You See Me,Louis Leterrier,2013,3.28,Action,No
Tarzan,Chris Buck,1999,3.27,Family,No
The Passion of the Christ,Mel Gibson,2004,3.27,Drama,No
Edtv,Ron Howard,1999,3.23,Comedy,No
Hulk,Ang Lee,2003,3.21,Action,No
Sucker Punch,Zack Snyder,2011,3.18,Action,No
The Happening,M. Night Shyamalan,2008,3.17,Horror,No
Alien: Resurrection,Jean-Pierre Jeunet,1997,3.12,Sci-Fi,No
Fear,James Foley,1996,3.12,Horror,No
Dragonfly,Tom Shadyac,2002,3.11,Thriller,No
Blue Crush,John Stockwell,2002,3.03,Sports,No
Stage Fright,Jerome Sable,2014,3.03,Horror,No
Sphere,Berry Levinson,1998,3.02,Sci-Fi,No
Star Wars: Episode II,George Lucas,2002,2.97,Sci-Fi,No
Kingpin,Bobby and Peter Farrelly,1996,2.94,Sports,No
Jack,Francis Ford Coppola,1996,2.91,Drama,No
Chicago,Rob Marshall,2002,2.88,Drama,No
Mighty Joe Young,Vincent Gallo,1998,2.87,Family,No
The Haunted Mansion,Rob Minkoff,2003,2.77,Family,No
Into the Blue,John Stockwell,2005,2.76,Action,No
Loser,Amy Heckerling,2000,2.71,Comedy,No
Idle Hands,Rodman Flender,1999,2.65,Horror,No
A.I. Artificial Intelligence,Steven Spielberg,2001,2.54,Sci-Fi,No
The Faculty,Robert Rodriguez,1998,2.45,Horror,No
Psycho,Gus Van Sant,1998,2.31,Horror,No
Your Friends & Neighbors,Neil LaBute,1998,2.31,Independent,No
Meet the Fockers,Jay Roach,2004,2.22,Comedy,No
The Cable Guy,Ben Stiller,1996,2.10,Comedy,No
Swordfish,Dominic Sena,2001,2.04,Action,No
J. Edgar,Clint Eastwood,2011,2.01,Drama,No
The Time Machine,Gore Verbinski,2002,1.92,Sci-Fi,No
Sahara,Breck Eisner,2005,1.88,Action,No
Down to Earth,Paul Weitz,2001,1.87,Comedy,No
The Host (2013),Andrew Niccol,2013,1.85,Action,No
I Heart Huckasbees,David O. Russell,2004,1.81,Independent,No
The Big Bounce,George Armitage,2004,1.76,Comedy,No
The Nutty Proffessor II: The Klumps,Peter Segal,2000,1.76,Comedy,No
Dreamcatcher,Lawrence Kasdan,2003,1.65,Horror,No
Jumper,Doug Liman,2008,1.22,Action,No
Baby Geniuses,Bob Clark,1999,1.01,Family,No
The Postman,Kevin Costner,1997,0.88,Drama,No
The Last Airbender,M. Night Shyamalan,2010,0.67,Action,No
